Timestamp,Temperature (C),Humidity (%),Sound,Light
3866,21.65,38.02,0.00,207.00
6866,21.63,37.98,15588.25,244.00
9866,21.60,38.00,26150.58,253.00
12866,21.58,38.04,17519.56,250.00
15866,21.55,38.05,19301.77,250.00
18866,21.53,38.06,18224.44,245.00
21866,21.51,38.04,21713.90,244.00
24866,21.49,38.07,23057.54,241.00
27866,21.47,38.11,16066.76,238.00
30866,21.44,38.20,15118.19,236.00
33866,21.42,38.19,17399.80,235.00
36866,21.40,38.20,13568.41,232.00
39866,21.38,38.20,11013.37,231.00
42866,21.36,38.20,21603.05,229.00
45866,21.35,38.16,17691.00,227.00
48866,21.33,38.14,11319.05,225.00
51866,21.31,38.12,13698.49,223.00
54866,21.28,38.12,13935.46,221.00
57866,21.26,38.12,14172.36,220.00
60866,21.24,38.14,12775.38,219.00
63866,21.22,38.18,15805.15,216.00
66866,21.19,38.19,17481.56,215.00
69866,21.17,38.20,16640.57,213.00
72866,21.14,38.23,18710.50,212.00
75866,21.13,38.27,20516.96,210.00
78866,21.11,38.30,23415.25,210.00
81866,21.08,38.32,22662.60,209.00
84866,21.06,38.33,15416.89,209.00
87866,21.04,38.36,18805.28,207.00
90866,21.02,38.39,14531.55,206.00
93866,21.00,38.42,18796.36,203.00
96866,20.98,38.45,11348.30,203.00
99866,20.96,38.48,16876.29,203.00
102866,20.94,38.50,14107.97,203.00
105866,20.93,38.53,15991.00,201.00
108866,20.90,38.55,15262.58,202.00
111866,20.88,38.57,15107.05,201.00
114866,20.86,38.62,14627.57,200.00
117866,20.84,38.67,14529.18,200.00
120866,20.82,38.68,15113.40,200.00
123866,20.80,38.71,17804.20,199.00
126866,20.78,38.76,20451.88,198.00
129866,20.76,38.80,13533.04,191.00
132866,20.75,38.84,17079.76,197.00
135866,20.73,38.87,18615.55,199.00
138866,20.71,38.91,16064.34,197.00
141866,20.69,38.94,16331.13,198.00
144866,20.68,38.96,18117.57,197.00
147866,20.66,38.99,15668.62,197.00
150866,20.65,39.03,20494.44,197.00
153866,20.63,39.06,24358.96,198.00
156866,20.61,39.08,23965.40,197.00
159866,20.61,39.11,23618.94,198.00
162866,20.59,39.17,19566.17,198.00
165866,20.58,39.20,29891.01,219.00
168866,20.57,39.29,19044.74,199.00
171866,20.56,39.30,20006.45,199.00
174866,20.54,39.33,13731.96,199.00
177866,20.52,39.37,16015.15,199.00
180866,20.52,39.40,29122.30,192.00
183866,20.50,39.41,16140.81,200.00
186866,20.49,39.45,17790.06,200.00
189866,20.47,39.45,29803.89,201.00
192866,20.46,39.48,20248.71,201.00
195866,20.44,39.49,14838.76,202.00
198866,20.43,39.50,17930.62,202.00
201866,20.41,39.55,13244.26,202.00
204866,20.39,39.60,13111.08,204.00
207866,20.38,39.60,11149.17,203.00
210866,20.37,39.62,17569.60,203.00
213866,20.36,39.62,26084.59,204.00
216866,20.34,39.66,12738.75,204.00
219866,20.32,39.74,16687.62,205.00
222866,20.31,39.81,16266.28,205.00
225866,20.29,39.79,23132.87,207.00
228866,20.28,39.83,24133.33,206.00
231866,20.27,39.84,16305.23,206.00
234866,20.26,39.94,24478.47,206.00
237866,20.24,39.98,16868.34,207.00
240866,20.23,39.96,14044.84,208.00
243866,20.22,39.98,22812.71,208.00
246866,20.21,40.04,14408.39,208.00
249866,20.20,40.05,20520.60,209.00
252866,20.19,40.08,14449.61,209.00
255866,20.18,40.14,26240.80,209.00
258866,20.17,40.16,20241.25,210.00
261866,20.16,40.17,17989.04,210.00
264866,20.15,40.18,21118.71,203.00
267866,20.14,40.19,11239.62,214.00
270866,20.13,40.19,18491.13,204.00
273866,20.13,40.20,19108.54,212.00
276866,20.12,40.23,19873.65,212.00
279866,20.11,40.24,11966.61,212.00
282866,20.10,40.26,10819.93,212.00
285866,20.09,40.26,10981.31,213.00
288866,20.08,40.27,12852.93,214.00
291866,20.08,40.30,15603.24,214.00
294866,20.07,40.33,21990.31,214.00
297866,20.07,40.36,20968.77,206.00
300866,20.06,40.38,13413.62,215.00
303866,20.05,40.42,15675.30,214.00
306866,20.04,40.44,16831.01,214.00
309866,20.04,40.49,25780.70,214.00
312866,20.03,40.48,22221.06,214.00
315866,20.02,40.51,19434.59,214.00
318866,20.01,40.52,15313.30,215.00
321866,20.01,40.53,20513.88,214.00
324866,19.99,40.52,19364.04,214.00
327866,19.99,40.53,19295.29,215.00
330866,19.99,40.54,18556.77,214.00
333866,19.98,40.56,29195.58,216.00
336866,19.97,40.56,21876.13,214.00
339866,19.96,40.56,19782.78,214.00
342866,19.95,40.60,17949.05,215.00
345866,19.95,40.60,15883.37,214.00
348866,19.94,40.63,13212.58,213.00
351866,19.93,40.63,11487.87,216.00
354866,19.93,40.65,13683.62,213.00
357866,19.92,40.66,19928.01,214.00
360866,19.92,40.66,29474.15,213.00
363866,19.91,40.68,22658.80,213.00
366866,19.90,40.72,15452.93,213.00
369866,19.89,40.71,9349.01,213.00
372866,19.89,40.73,11050.24,213.00
375866,19.88,40.71,16566.62,213.00
378866,19.87,40.72,22058.46,213.00
381866,19.87,40.72,25947.99,213.00
384866,19.86,40.72,25809.64,213.00
387866,19.86,40.74,21777.88,213.00
390866,19.85,40.72,24722.02,216.00
393866,19.85,40.72,22781.75,213.00
396866,19.84,40.72,13581.56,214.00
399866,19.84,40.75,15250.27,214.00
402866,19.83,40.75,10858.73,214.00
405866,19.83,40.77,14391.82,214.00
408866,19.82,40.79,11716.39,215.00
411866,19.81,40.83,13180.03,215.00
414866,19.81,40.83,11477.12,214.00
417866,19.81,40.84,15390.59,215.00
420866,19.80,40.83,11529.67,215.00
423866,19.79,40.84,9990.78,216.00
426866,19.79,40.83,12832.19,216.00
429866,19.79,40.84,15354.40,216.00
432866,19.78,40.85,12269.68,216.00
435866,19.78,40.85,19921.10,217.00
438866,19.77,40.85,12124.90,218.00
441866,19.77,40.87,10790.23,218.00
444866,19.76,40.87,14395.58,217.00
447866,19.76,40.88,12581.98,218.00
450866,19.75,40.91,16333.17,218.00
453866,19.74,40.92,10665.20,218.00
456866,19.73,40.93,15329.31,219.00
459866,19.73,40.93,11216.44,219.00
462866,19.74,40.93,17688.98,218.00
465866,19.72,40.98,10415.60,219.00
468866,19.72,40.98,15545.42,218.00
471866,19.71,40.98,17223.75,229.00
474866,19.71,40.98,16866.55,219.00
477866,19.70,40.95,15413.02,218.00
480866,19.69,41.01,17733.04,218.00
483866,19.69,40.99,13719.09,221.00
486866,19.69,41.00,15028.94,218.00
489866,19.68,40.99,13166.77,217.00
492866,19.67,41.01,22296.18,218.00
495866,19.67,41.02,17162.11,218.00
498866,19.67,41.02,14895.24,216.00
501866,19.67,41.02,16723.75,216.00
504866,19.66,41.02,11820.12,216.00
507866,19.66,41.04,18128.12,215.00
510866,19.65,41.07,24648.16,215.00
513866,19.65,41.06,16598.03,215.00
516866,19.65,41.06,17102.51,215.00
519866,19.64,41.03,13848.33,213.00
522866,19.64,41.04,13601.57,212.00
525866,19.64,41.02,13617.82,213.00
528866,19.64,41.02,12490.29,212.00
531866,19.63,41.02,16288.83,212.00
534866,19.64,41.03,16708.77,210.00
537866,19.63,41.03,17853.25,210.00
540866,19.63,41.05,11612.22,221.00
543866,19.62,41.07,10799.82,209.00
546866,19.62,41.09,9960.39,208.00
549866,19.62,41.11,13014.95,207.00
552866,19.61,41.13,13329.38,206.00
555866,19.61,41.12,10501.34,208.00
558866,19.60,41.12,9044.52,206.00
561866,19.60,41.11,16622.07,205.00
564866,19.60,41.12,18993.92,203.00
567866,19.59,41.11,12423.51,203.00
570866,19.59,41.15,11362.98,202.00
573866,19.58,41.13,9182.69,201.00
576866,19.58,41.15,11156.21,200.00
579866,19.57,41.16,13378.99,199.00
582866,19.57,41.15,12744.63,198.00
585866,19.57,41.16,13384.03,198.00
588866,19.56,41.17,19057.52,201.00
591866,19.56,41.17,15851.33,196.00
594866,19.56,41.17,17096.30,197.00
597866,19.55,41.18,14909.83,195.00
600866,19.55,41.19,19383.32,194.00
603866,19.55,41.19,14806.70,193.00
606866,19.55,41.21,17563.12,197.00
609866,19.54,41.26,14535.91,193.00
612866,19.54,41.23,17567.77,193.00
615866,19.54,41.25,23264.70,194.00
618866,19.53,41.25,21709.70,193.00
621866,19.53,41.26,27627.60,193.00
624866,19.52,41.26,23532.00,193.00
627866,19.52,41.27,24428.01,193.00
630866,19.52,41.27,16439.06,192.00
633866,19.52,41.29,20755.71,192.00
636866,19.51,41.30,18536.22,193.00
639866,19.51,41.30,22114.69,187.00
642866,19.51,41.31,19008.94,194.00
645866,19.51,41.31,13967.46,193.00
648866,19.50,41.30,15233.67,194.00
651866,19.50,41.31,24132.43,195.00
654866,19.50,41.31,13620.67,195.00
657866,19.50,41.33,17642.21,196.00
660866,19.49,41.32,21298.12,196.00
663866,19.49,41.33,19182.60,196.00
666866,19.49,41.36,18068.47,197.00
669866,19.49,41.33,16965.50,198.00
672866,19.49,41.33,20714.02,200.00
675866,19.48,41.33,14258.92,201.00
678866,19.48,41.33,26371.21,202.00
681866,19.47,41.32,28009.54,204.00
684866,19.48,41.34,30836.97,206.00
687866,19.47,41.33,14522.24,207.00
690866,19.47,41.34,13154.61,210.00
693866,19.47,41.35,12380.80,211.00
696866,19.47,41.35,21836.25,213.00
699866,19.46,41.35,19271.02,215.00
702866,19.46,41.35,12729.14,218.00
705866,19.46,41.36,13475.60,222.00
708866,19.45,41.36,17976.95,223.00
711866,19.45,41.36,13874.77,225.00
714866,19.44,41.39,21538.99,221.00
717866,19.44,41.40,14961.47,232.00
720866,19.44,41.41,16935.14,234.00
723866,19.43,41.40,18249.28,238.00
726866,19.44,41.39,24999.98,239.00
729866,19.43,41.39,17577.07,243.00
732866,19.44,41.40,16206.55,245.00
735866,19.44,41.41,14551.75,249.00
738866,19.43,41.40,15139.50,252.00
741866,19.43,41.42,16631.55,256.00
744866,19.42,41.45,11337.40,258.00
747866,19.42,41.43,11958.75,262.00
750866,19.43,41.45,12957.15,265.00
753866,19.42,41.46,16648.78,269.00
756866,19.42,41.48,20822.53,274.00
759866,19.42,41.47,11013.57,277.00
762866,19.41,41.45,17928.42,281.00
765866,19.41,41.45,11216.76,284.00
768866,19.41,41.45,11824.97,288.00
771866,19.42,41.43,13282.94,292.00
774866,19.41,41.43,16249.60,310.00
777866,19.41,41.44,9475.68,301.00
780866,19.41,41.45,21538.91,305.00
783866,19.40,41.46,14850.18,310.00
786866,19.40,41.47,21291.53,314.00
789866,19.41,41.49,15288.52,318.00
792866,19.40,41.48,14846.59,323.00
795866,19.40,41.49,20496.33,327.00
798866,19.41,41.52,12964.64,332.00
801866,19.41,41.52,20731.62,328.00
804866,19.40,41.49,12581.82,341.00
807866,19.41,41.49,21795.62,344.00
810866,19.40,41.49,23423.80,348.00
813866,19.40,41.49,25027.23,364.00
816866,19.40,41.48,17444.23,356.00
819866,19.40,41.49,21735.84,359.00
822866,19.40,41.49,24341.34,362.00
825866,19.40,41.52,15247.88,356.00
828866,19.39,41.49,26570.22,367.00
831866,19.40,41.55,16033.49,361.00
834866,19.40,41.54,19814.84,371.00
837866,19.40,41.53,23704.61,371.00
840866,19.40,41.50,23805.16,375.00
843866,19.40,41.49,14737.33,376.00
846866,19.40,41.50,17000.59,376.00
849866,19.40,41.53,19699.26,378.00
852866,19.40,41.53,12954.06,389.00
855866,19.40,41.53,23101.41,379.00
858866,19.40,41.54,10572.20,378.00
861866,19.40,41.52,10934.29,379.00
864866,19.39,41.55,11812.14,379.00
867866,19.39,41.55,11794.04,379.00
870866,19.39,41.54,11739.66,378.00
873866,19.39,41.54,13353.34,378.00
876866,19.39,41.54,15608.95,377.00
879866,19.39,41.54,11708.07,376.00
882866,19.39,41.56,10828.44,376.00
885866,19.39,41.56,11723.12,375.00
888866,19.39,41.55,15838.78,372.00
891866,19.39,41.55,10817.05,372.00
894866,19.39,41.55,11846.74,372.00
897866,19.38,41.58,16098.21,372.00
900866,19.38,41.58,21642.60,368.00
903866,19.38,41.59,15386.56,368.00
906866,19.38,41.59,19299.26,368.00
909866,19.38,41.59,16719.12,368.00
912866,19.38,41.56,16282.65,366.00
915866,19.38,41.59,18272.97,366.00
918866,19.38,41.56,13139.57,365.00
921866,19.38,41.58,11764.61,364.00
924866,19.37,41.60,18904.03,363.00
927866,19.37,41.61,18981.53,363.00
930866,19.37,41.61,14348.75,362.00
933866,19.38,41.59,17115.90,361.00
936866,19.37,41.59,29981.15,364.00
939866,19.37,41.59,21725.13,360.00
942866,19.37,41.57,16941.34,359.00
945866,19.36,41.60,15982.80,359.00
948866,19.37,41.60,13741.89,358.00
951866,19.36,41.60,10292.26,358.00
954866,19.36,41.60,25675.62,357.00
957866,19.36,41.58,26992.88,356.00
960866,19.36,41.58,19783.33,357.00
963866,19.36,41.58,23176.99,355.00
966866,19.36,41.60,17342.96,355.00
969866,19.35,41.60,22462.04,355.00
972866,19.36,41.58,12856.90,358.00
975866,19.35,41.61,19078.02,355.00
978866,19.35,41.61,19130.41,353.00
981866,19.35,41.61,14683.83,352.00
984866,19.35,41.60,10577.01,352.00
987866,19.34,41.58,12144.21,352.00
990866,19.34,41.58,11948.50,352.00
993866,19.34,41.57,10062.66,351.00
996866,19.33,41.57,10459.23,351.00
999866,19.34,41.58,11638.76,350.00
1002866,19.33,41.58,11974.87,350.00
1005866,19.33,41.58,10998.43,350.00
1008866,19.33,41.59,13107.64,350.00
1011866,19.32,41.59,11130.03,349.00
1014866,19.33,41.62,10875.92,348.00
1017866,19.33,41.63,14191.44,348.00
1020866,19.33,41.63,10697.55,348.00
1023866,19.33,41.59,11768.39,347.00
1026866,19.33,41.61,13500.91,348.00
1029866,19.33,41.63,13064.06,348.00
1032866,19.34,41.61,19309.90,348.00
1035866,19.33,41.61,15335.12,348.00
1038866,19.34,41.63,19314.17,348.00
1041866,19.34,41.64,10810.47,348.00
1044866,19.33,41.63,14923.50,349.00
1047866,19.33,41.62,17129.86,349.00
1050866,19.33,41.62,16360.33,350.00
1053866,19.34,41.62,10739.22,351.00
1056866,19.34,41.61,11061.99,356.00
1059866,19.34,41.62,9128.63,353.00
1062866,19.33,41.62,9598.79,355.00
1065866,19.33,41.62,22279.42,354.00
1068866,19.34,41.61,10124.18,356.00
1071866,19.34,41.59,18343.19,358.00
1074866,19.33,41.61,11906.26,359.00
1077866,19.34,41.61,13406.68,360.00
1080866,19.33,41.59,16972.55,361.00
1083866,19.33,41.58,14547.99,366.00
1086866,19.33,41.57,13404.13,363.00
1089866,19.34,41.57,18595.33,364.00
1092866,19.34,41.57,12033.95,365.00
1095866,19.33,41.56,15163.80,366.00
1098866,19.33,41.56,11407.87,367.00
1101866,19.32,41.57,12715.20,382.00
1104866,19.32,41.57,16685.69,368.00
1107866,19.32,41.57,20575.22,369.00
1110866,19.31,41.58,10506.11,370.00
1113866,19.32,41.59,13084.50,370.00
1116866,19.32,41.58,14838.18,371.00
1119866,19.31,41.57,14575.16,372.00
1122866,19.31,41.57,11319.66,371.00
1125866,19.31,41.57,12068.35,373.00
1128866,19.31,41.58,11075.52,374.00
1131866,19.31,41.60,13434.21,375.00
1134866,19.31,41.62,11235.36,365.00
1137866,19.31,41.59,10976.37,374.00
1140866,19.31,41.60,10915.10,373.00
1143866,19.31,41.60,10271.26,389.00
1146866,19.30,41.62,12355.75,374.00
1149866,19.30,41.63,12228.91,373.00
1152866,19.31,41.60,12299.18,372.00
1155866,19.30,41.60,19734.53,372.00
1158866,19.30,41.62,14128.77,373.00
1161866,19.29,41.62,12197.03,371.00
1164866,19.29,41.62,20318.35,370.00
1167866,19.29,41.62,11830.11,372.00
1170866,19.30,41.62,11605.24,358.00
1173866,19.29,41.60,18412.29,367.00
1176866,19.29,41.62,10261.11,364.00
1179866,19.29,41.62,20837.87,364.00
1182866,19.29,41.62,12235.64,362.00
1185866,19.29,41.62,13882.74,360.00
1188866,19.29,41.64,17323.28,359.00
1191866,19.29,41.63,10429.43,357.00
1194866,19.29,41.64,9113.76,355.00
1197866,19.29,41.65,9053.28,354.00
1200866,19.28,41.64,13577.27,352.00
1203866,19.28,41.64,22942.32,350.00
1206866,19.28,41.64,11484.08,349.00
1209866,19.28,41.65,12620.52,347.00
1212866,19.28,41.65,16725.20,345.00
1215866,19.28,41.65,12280.21,343.00
1218866,19.28,41.65,12758.96,342.00
1221866,19.28,41.64,17634.65,340.00
1224866,19.28,41.64,12167.67,339.00
1227866,19.28,41.63,9407.97,337.00
1230866,19.27,41.61,11209.36,327.00
1233866,19.27,41.63,10739.35,333.00
1236866,19.27,41.63,19661.45,333.00
1239866,19.27,41.61,10170.88,333.00
1242866,19.26,41.61,9763.56,330.00
1245866,19.27,41.60,13196.22,329.00
1248866,19.27,41.59,10829.72,329.00
1251866,19.27,41.59,13832.07,319.00
1254866,19.27,41.59,12724.12,327.00
1257866,19.26,41.59,16961.21,326.00
1260866,19.27,41.60,11781.77,326.00
1263866,19.26,41.62,18824.48,330.00
1266866,19.26,41.65,21085.63,317.00
1269866,19.26,41.65,15033.06,326.00
1272866,19.25,41.66,12460.81,325.00
1275866,19.25,41.66,17575.51,326.00
1278866,19.25,41.67,29035.56,328.00
1281866,19.25,41.66,14536.52,327.00
1284866,19.25,41.66,16717.18,332.00
1287866,19.25,41.66,15017.41,328.00
1290866,19.25,41.65,15332.57,329.00
1293866,19.25,41.65,23836.99,331.00
1296866,19.26,41.62,21760.39,331.00
1299866,19.25,41.61,12924.29,332.00
1302866,19.26,41.59,25116.63,325.00
1305866,19.25,41.58,13212.92,335.00
1308866,19.25,41.59,13608.47,336.00
1311866,19.25,41.59,11207.80,338.00
1314866,19.26,41.56,10770.98,340.00
1317866,19.25,41.56,12214.35,342.00
1320866,19.25,41.59,11333.65,343.00
1323866,19.25,41.59,15126.24,344.00
1326866,19.26,41.59,11496.84,347.00
1329866,19.25,41.59,13327.41,353.00
1332866,19.25,41.59,12533.31,350.00
1335866,19.25,41.59,10656.11,353.00
1338866,19.26,41.58,18939.98,355.00
1341866,19.25,41.59,11265.43,356.00
1344866,19.25,41.60,12055.01,360.00
1347866,19.25,41.60,9719.66,362.00
1350866,19.25,41.60,10732.01,379.00
1353866,19.25,41.59,12727.45,368.00
1356866,19.26,41.59,13669.17,368.00
1359866,19.25,41.59,12717.37,371.00
1362866,19.25,41.60,17694.56,376.00
1365866,19.25,41.59,14543.53,389.00
1368866,19.25,41.60,10444.16,377.00
1371866,19.25,41.60,13587.49,379.00
1374866,19.25,41.60,16081.69,381.00
1377866,19.25,41.61,17888.70,382.00
1380866,19.25,41.61,19218.90,384.00
1383866,19.25,41.62,13601.98,394.00
1386866,19.25,41.63,12545.99,387.00
1389866,19.25,41.65,12710.78,388.00
1392866,19.25,41.65,18543.31,392.00
1395866,19.25,41.64,12186.70,391.00
1398866,19.25,41.67,19167.42,393.00
1401866,19.25,41.71,16493.70,393.00
1404866,19.25,41.70,18442.28,393.00
1407866,19.25,41.67,15539.71,394.00
1410866,19.25,41.66,19745.23,395.00
1413866,19.25,41.65,24749.80,395.00
1416866,19.25,41.63,15855.22,395.00
1419866,19.25,41.62,24609.34,396.00
1422866,19.25,41.64,27402.86,395.00
1425866,19.26,41.64,19666.53,395.00
1428866,19.26,41.65,18838.87,395.00
1431866,19.25,41.63,31564.39,395.00
1434866,19.25,41.64,20842.89,394.00
1437866,19.26,41.64,17061.22,393.00
1440866,19.25,41.63,12113.47,393.00
1443866,19.26,41.62,13256.33,391.00
1446866,19.26,41.62,15185.86,390.00
1449866,19.26,41.64,11282.53,389.00
1452866,19.26,41.60,17613.11,387.00
1455866,19.25,41.62,14458.26,378.00
1458866,19.26,41.61,18737.27,385.00
1461866,19.26,41.62,13394.12,384.00
1464866,19.26,41.64,15636.31,382.00
1467866,19.26,41.62,13721.66,381.00
1470866,19.26,41.64,14371.29,379.00
1473866,19.26,41.66,18639.48,378.00
1476866,19.26,41.68,12417.86,377.00
1479866,19.26,41.68,14526.60,375.00
1482866,19.25,41.67,19028.21,374.00
1485866,19.25,41.67,13884.81,374.00
1488866,19.26,41.66,14612.58,378.00
1491866,19.26,41.66,11377.99,369.00
1494866,19.26,41.64,14868.63,367.00
1497866,19.26,41.64,16770.28,366.00
1500866,19.26,41.64,15367.26,364.00
1503866,19.26,41.65,13505.44,363.00
1506866,19.26,41.64,11644.44,362.00
1509866,19.26,41.66,13988.50,360.00
1512866,19.26,41.65,13333.66,358.00
1515866,19.26,41.66,12421.06,359.00
1518866,19.27,41.66,13749.24,358.00
1521866,19.26,41.67,13438.42,357.00
1524866,19.26,41.66,16789.39,354.00
1527866,19.26,41.64,16395.04,354.00
1530866,19.26,41.62,11866.72,352.00
1533866,19.26,41.62,13239.27,351.00
1536866,19.27,41.65,14632.48,350.00
1539866,19.26,41.65,13978.90,348.00
1542866,19.26,41.65,13414.24,347.00
1545866,19.26,41.64,14584.91,346.00
1548866,19.26,41.62,13739.33,344.00
1551866,19.26,41.62,14977.33,344.00
1554866,19.26,41.62,13102.73,343.00
1557866,19.26,41.62,30308.89,342.00
1560866,19.26,41.64,20196.97,340.00
1563866,19.26,41.65,12764.07,340.00
1566866,19.26,41.64,14207.87,338.00
1569866,19.26,41.65,20059.89,337.00
1572866,19.26,41.65,14153.22,336.00
1575866,19.26,41.65,15891.99,335.00
1578866,19.26,41.65,22219.28,333.00
1581866,19.26,41.65,15628.22,332.00
1584866,19.26,41.64,22280.34,331.00
1587866,19.26,41.64,20057.50,331.00
1590866,19.27,41.64,17001.14,329.00
1593866,19.26,41.65,21790.35,328.00
1596866,19.26,41.65,20257.52,327.00
1599866,19.26,41.64,16101.19,325.00
1602866,19.26,41.64,14394.01,325.00
1605866,19.26,41.66,12604.23,323.00
1608866,19.25,41.66,18539.38,322.00
1611866,19.25,41.66,17424.74,329.00
1614866,19.26,41.65,21183.88,319.00
1617866,19.25,41.66,21338.94,318.00
1620866,19.25,41.66,22157.34,317.00
1623866,19.26,41.67,15899.13,308.00
1626866,19.26,41.67,14903.92,316.00
1629866,19.26,41.66,11005.08,314.00
1632866,19.26,41.66,17012.36,314.00
1635866,19.26,41.66,11455.53,313.00
1638866,19.26,41.66,14842.14,311.00
1641866,19.26,41.64,11685.57,302.00
1644866,19.25,41.63,11932.12,309.00
1647866,19.25,41.64,13122.06,308.00
1650866,19.25,41.66,12014.25,308.00
1653866,19.26,41.66,12242.50,306.00
1656866,19.26,41.65,10804.13,306.00
1659866,19.25,41.67,11430.16,304.00
1662866,19.25,41.66,10548.02,304.00
1665866,19.25,41.67,14672.26,303.00
1668866,19.25,41.67,11194.88,302.00
1671866,19.25,41.68,10987.02,300.00
1674866,19.24,41.68,14309.65,300.00
1677866,19.24,41.68,19166.24,299.00
1680866,19.25,41.68,12363.52,298.00
1683866,19.25,41.72,11116.91,296.00
1686866,19.25,41.72,11322.92,295.00
1689866,19.25,41.72,9814.90,295.00
1692866,19.25,41.72,9625.64,293.00
1695866,19.25,41.71,10740.78,292.00
1698866,19.25,41.68,11713.20,291.00
1701866,19.25,41.68,11739.96,290.00
1704866,19.25,41.68,11227.01,289.00
1707866,19.25,41.68,13702.94,287.00
1710866,19.25,41.70,11665.15,287.00
1713866,19.24,41.71,10262.51,286.00
1716866,19.25,41.70,12319.53,285.00
1719866,19.24,41.71,10358.49,283.00
1722866,19.25,41.70,13930.10,287.00
1725866,19.24,41.71,13463.64,282.00
1728866,19.24,41.72,12879.46,281.00
1731866,19.25,41.72,12755.92,280.00
1734866,19.25,41.72,11815.82,271.00
1737866,19.25,41.73,14599.62,278.00
1740866,19.25,41.74,16642.89,277.00
1743866,19.25,41.74,15264.04,276.00
1746866,19.25,41.71,23337.99,276.00
1749866,19.24,41.71,18161.33,276.00
1752866,19.25,41.71,14951.33,274.00
1755866,19.24,41.72,14018.13,285.00
1758866,19.24,41.71,12368.97,273.00
1761866,19.24,41.71,18330.89,271.00
1764866,19.24,41.71,12694.10,272.00
1767866,19.24,41.72,16103.36,271.00
1770866,19.25,41.71,19741.52,270.00
1773866,19.24,41.72,12800.05,269.00
1776866,19.24,41.73,20516.28,268.00
1779866,19.24,41.73,22458.78,267.00
1782866,19.24,41.73,24513.91,266.00
1785866,19.24,41.72,20435.27,265.00
1788866,19.24,41.71,25658.36,264.00
1791866,19.24,41.72,12502.24,263.00
1794866,19.24,41.72,14294.18,263.00
1797866,19.24,41.71,16604.70,262.00
1800866,19.24,41.71,17468.15,261.00
1803866,19.24,41.72,13599.38,260.00
1806866,19.24,41.71,11727.98,259.00
1809866,19.24,41.72,11492.50,258.00
1812866,19.24,41.72,12353.47,258.00
1815866,19.24,41.72,24663.60,257.00
1818866,19.24,41.72,11458.98,256.00
1821866,19.23,41.72,11311.10,256.00
1824866,19.24,41.72,11893.62,254.00
1827866,19.23,41.73,12585.71,254.00
1830866,19.23,41.73,12131.01,254.00
1833866,19.23,41.73,11246.57,252.00
1836866,19.23,41.73,9284.03,252.00
1839866,19.23,41.73,9652.80,252.00
1842866,19.23,41.74,11293.07,250.00
1845866,19.23,41.73,13170.67,250.00
1848866,19.23,41.73,10492.44,250.00
1851866,19.23,41.73,10417.08,249.00
1854866,19.24,41.73,9860.14,255.00
1857866,19.24,41.72,15336.82,249.00
1860866,19.24,41.73,10047.01,248.00
1863866,19.24,41.73,10946.35,247.00
1866866,19.24,41.73,11410.14,247.00
1869866,19.24,41.73,11153.14,248.00
1872866,19.24,41.73,10619.36,246.00
1875866,19.23,41.73,10239.91,246.00
1878866,19.23,41.75,10832.02,246.00
1881866,19.23,41.78,10043.23,246.00
1884866,19.22,41.79,10369.48,253.00
1887866,19.22,41.77,11862.56,246.00
1890866,19.23,41.77,9367.97,246.00
1893866,19.22,41.80,17626.84,246.00
1896866,19.22,41.78,11580.23,246.00
1899866,19.21,41.78,12459.44,247.00
1902866,19.22,41.78,14390.14,246.00
1905866,19.22,41.79,15262.53,239.00
1908866,19.21,41.78,14765.76,247.00
1911866,19.21,41.80,20481.90,248.00
1914866,19.21,41.79,18772.44,249.00
1917866,19.22,41.78,19115.79,250.00
1920866,19.22,41.76,22377.20,250.00
1923866,19.21,41.78,18886.45,263.00
1926866,19.22,41.78,17306.64,252.00
1929866,19.21,41.79,18076.48,253.00
1932866,19.22,41.80,21859.09,254.00
1935866,19.22,41.81,15311.40,254.00
1938866,19.22,41.79,16989.19,255.00
1941866,19.22,41.79,16343.55,271.00
1944866,19.21,41.76,15095.28,259.00
1947866,19.22,41.75,12136.23,259.00
1950866,19.21,41.76,13597.75,260.00
1953866,19.22,41.77,13638.11,262.00
1956866,19.22,41.76,11813.75,263.00
1959866,19.21,41.76,11627.34,264.00
1962866,19.21,41.76,11085.60,272.00
1965866,19.22,41.78,12045.37,267.00
1968866,19.21,41.78,10513.01,269.00
1971866,19.22,41.78,10835.36,271.00
1974866,19.22,41.76,11086.83,273.00
1977866,19.22,41.78,9933.20,274.00
1980866,19.21,41.76,12967.49,276.00
1983866,19.21,41.76,12431.97,278.00
1986866,19.21,41.76,12258.75,283.00
1989866,19.22,41.76,12236.85,282.00
1992866,19.21,41.75,15589.46,284.00
1995866,19.21,41.78,14429.86,285.00
1998866,19.22,41.79,13376.54,287.00
2001866,19.22,41.79,12682.58,290.00
2004866,19.22,41.79,13999.54,293.00
2007866,19.22,41.78,14173.09,294.00
2010866,19.22,41.78,12642.50,296.00
2013866,19.22,41.77,14880.73,298.00
2016866,19.23,41.75,11521.32,299.00
2019866,19.22,41.75,15000.52,301.00
2022866,19.23,41.78,13711.70,303.00
2025866,19.23,41.78,17454.02,306.00
2028866,19.23,41.78,17039.29,309.00
2031866,19.23,41.78,19510.89,310.00
2034866,19.24,41.78,17470.30,312.00
2037866,19.24,41.77,16915.15,319.00
2040866,19.24,41.77,12345.37,317.00
2043866,19.23,41.77,22253.09,319.00
2046866,19.24,41.78,18250.53,321.00
2049866,19.24,41.77,13945.91,324.00
2052866,19.24,41.78,17029.33,325.00
2055866,19.24,41.78,20334.02,328.00
2058866,19.24,41.75,35324.62,330.00
2061866,19.25,41.76,27045.49,333.00
2064866,19.25,41.74,27576.92,336.00
2067866,19.24,41.74,19558.48,339.00
2070866,19.25,41.76,24925.70,340.00
2073866,19.24,41.75,19253.06,343.00
2076866,19.25,41.74,16517.94,346.00
2079866,19.25,41.76,15858.38,349.00
2082866,19.24,41.77,17114.99,351.00
2085866,19.24,41.77,19019.79,354.00
2088866,19.25,41.77,18764.21,357.00
2091866,19.25,41.77,17311.80,359.00
2094866,19.24,41.77,26532.11,362.00
2097866,19.25,41.77,30054.09,365.00
2100866,19.26,41.77,18364.01,367.00
2103866,19.25,41.77,15379.85,361.00
2106866,19.25,41.78,16311.34,374.00
2109866,19.25,41.78,26729.89,376.00
2112866,19.25,41.77,14009.61,379.00
2115866,19.26,41.77,12833.02,380.00
2118866,19.25,41.78,30085.61,383.00
2121866,19.25,41.78,14520.47,386.00
2124866,19.25,41.77,24471.46,389.00
2127866,19.25,41.78,21183.84,390.00
2130866,19.25,41.78,15891.79,392.00
2133866,19.25,41.77,15532.82,395.00
2136866,19.25,41.77,13523.38,397.00
2139866,19.25,41.77,15102.57,400.00
2142866,19.26,41.76,12021.85,401.00
2145866,19.25,41.74,12656.78,405.00
2148866,19.25,41.74,13330.89,405.00
2151866,19.25,41.74,13616.02,408.00
2154866,19.25,41.73,11768.45,409.00
2157866,19.25,41.76,22858.13,411.00
2160866,19.25,41.76,28552.80,413.00
2163866,19.26,41.75,17379.41,415.00
2166866,19.25,41.76,19241.20,414.00
2169866,19.25,41.76,20990.00,418.00
2172866,19.26,41.76,18027.40,420.00
2175866,19.26,41.76,18368.46,420.00
2178866,19.26,41.73,15293.52,423.00
2181866,19.26,41.72,24017.31,424.00
2184866,19.26,41.77,12811.00,424.00
2187866,19.26,41.78,22802.22,426.00
2190866,19.26,41.77,25859.28,426.00
2193866,19.26,41.75,14564.39,432.00
2196866,19.26,41.75,17212.47,427.00
2199866,19.26,41.75,22353.80,428.00
2202866,19.26,41.72,18879.15,427.00
2205866,19.26,41.73,14826.18,427.00
2208866,19.26,41.75,13505.71,428.00
2211866,19.26,41.76,11100.42,428.00
2214866,19.27,41.76,17879.84,427.00
2217866,19.27,41.78,17297.08,427.00
2220866,19.26,41.78,13411.91,427.00
2223866,19.26,41.78,12413.83,426.00
2226866,19.26,41.76,14881.29,424.00
2229866,19.26,41.78,14194.13,423.00
2232866,19.27,41.79,11153.09,422.00
2235866,19.27,41.78,11345.79,419.00
2238866,19.27,41.77,13469.40,420.00
2241866,19.27,41.77,10624.78,417.00
2244866,19.27,41.77,9740.02,415.00
2247866,19.27,41.76,10352.04,414.00
2250866,19.27,41.75,12152.25,411.00
2253866,19.27,41.75,11891.86,410.00
2256866,19.27,41.76,11231.67,407.00
2259866,19.27,41.77,11345.96,404.00
2262866,19.27,41.76,10932.91,402.00
2265866,19.27,41.75,11304.05,399.00
2268866,19.27,41.76,11959.90,397.00
2271866,19.27,41.76,11062.52,393.00
2274866,19.27,41.76,14851.26,391.00
2277866,19.27,41.75,16532.79,387.00
2280866,19.27,41.73,13364.04,385.00
2283866,19.27,41.72,11847.73,382.00
2286866,19.27,41.70,24838.75,379.00
2289866,19.27,41.70,12483.04,376.00
2292866,19.27,41.71,14670.77,363.00
2295866,19.28,41.73,11596.25,369.00
2298866,19.28,41.73,13193.91,366.00
2301866,19.28,41.75,11615.69,363.00
2304866,19.28,41.73,16290.02,360.00
2307866,19.28,41.76,13261.06,357.00
2310866,19.28,41.76,13149.48,354.00
2313866,19.28,41.76,17563.23,351.00
2316866,19.28,41.75,15072.32,349.00
2319866,19.27,41.73,13503.36,346.00
2322866,19.27,41.73,18081.36,344.00
2325866,19.28,41.73,14908.00,341.00
2328866,19.28,41.73,14574.21,339.00
2331866,19.28,41.73,15004.10,337.00
2334866,19.28,41.71,12693.84,335.00
2337866,19.28,41.71,12226.62,333.00
2340866,19.27,41.70,19679.29,331.00
2343866,19.28,41.70,34572.61,330.00
2346866,19.27,41.70,25026.67,327.00
2349866,19.28,41.70,23140.30,328.00
2352866,19.28,41.69,27332.35,326.00
2355866,19.28,41.67,26321.13,324.00
2358866,19.28,41.66,27573.66,321.00
2361866,19.28,41.66,35112.48,323.00
2364866,19.29,41.65,14847.86,321.00
2367866,19.28,41.64,33609.45,320.00
2370866,19.28,41.64,27321.48,319.00
2373866,19.28,41.65,16010.72,318.00
2376866,19.29,41.68,13018.37,317.00
2379866,19.28,41.71,22951.46,317.00
2382866,19.29,41.72,29284.03,316.00
2385866,19.28,41.72,16424.53,307.00
2388866,19.29,41.72,21440.82,315.00
2391866,19.29,41.72,26900.21,315.00
2394866,19.29,41.71,29552.28,314.00
2397866,19.29,41.69,20314.93,314.00
2400866,19.28,41.71,18103.04,314.00
2403866,19.29,41.74,29023.17,313.00
2406866,19.29,41.74,30940.75,314.00
2409866,19.29,41.71,18966.42,313.00
2412866,19.29,41.70,23354.84,313.00
2415866,19.30,41.71,24736.92,312.00
2418866,19.29,41.72,15474.91,317.00
2421866,19.30,41.72,23751.46,311.00
2424866,19.30,41.71,22329.71,313.00
2427866,19.30,41.71,14712.33,312.00
2430866,19.30,41.72,13519.25,313.00
2433866,19.30,41.71,13539.32,311.00
2436866,19.31,41.71,12655.28,311.00
2439866,19.31,41.72,12120.88,312.00
2442866,19.31,41.74,14363.47,312.00
2445866,19.31,41.71,14228.49,312.00
2448866,19.31,41.71,17587.46,312.00
2451866,19.31,41.70,22947.86,312.00
2454866,19.31,41.71,18726.58,312.00
2457866,19.31,41.70,16559.69,312.00
2460866,19.31,41.69,13875.65,311.00
2463866,19.31,41.70,23704.94,311.00
2466866,19.31,41.68,19825.95,311.00
2469866,19.31,41.67,21588.47,311.00
2472866,19.31,41.67,12766.08,311.00
2475866,19.31,41.68,12315.37,311.00
2478866,19.30,41.69,10438.87,310.00
2481866,19.30,41.68,13719.38,310.00
2484866,19.30,41.68,25281.52,310.00
2487866,19.30,41.68,11304.31,310.00
2490866,19.31,41.68,14368.80,309.00
2493866,19.31,41.68,23803.75,320.00
2496866,19.31,41.66,16019.13,310.00
2499866,19.31,41.67,10922.11,308.00
2502866,19.31,41.69,13645.35,309.00
2505866,19.31,41.68,12795.38,310.00
2508866,19.31,41.68,11965.86,308.00
2511866,19.31,41.68,11759.45,309.00
2514866,19.31,41.68,15006.95,310.00
2517866,19.31,41.67,13451.37,309.00
2520866,19.31,41.68,15609.89,309.00
2523866,19.31,41.67,10549.10,310.00
2526866,19.31,41.65,23937.41,309.00
2529866,19.31,41.67,13105.94,311.00
2532866,19.31,41.65,11470.67,311.00
2535866,19.32,41.65,10565.78,304.00
2538866,19.31,41.62,10846.74,311.00
2541866,19.32,41.65,11656.62,313.00
2544866,19.32,41.65,11178.36,306.00
2547866,19.32,41.64,10909.95,315.00
2550866,19.32,41.63,11026.92,316.00
2553866,19.32,41.63,16647.14,317.00
2556866,19.32,41.64,12968.65,318.00
2559866,19.33,41.62,11628.67,318.00
2562866,19.33,41.62,12601.55,319.00
2565866,19.33,41.65,17618.05,321.00
2568866,19.33,41.64,17223.34,323.00
2571866,19.33,41.63,13428.48,323.00
2574866,19.34,41.63,10962.30,325.00
2577866,19.34,41.62,16260.05,327.00
2580866,19.34,41.63,19812.62,329.00
2583866,19.34,41.62,15876.82,322.00
2586866,19.34,41.62,11712.67,331.00
2589866,19.35,41.62,19628.32,334.00
2592866,19.34,41.60,13294.87,335.00
2595866,19.35,41.58,23087.77,336.00
2598866,19.35,41.58,19214.25,338.00
2601866,19.35,41.56,15179.17,340.00
2604866,19.35,41.61,14932.11,341.00
2607866,19.35,41.62,16388.19,343.00
2610866,19.35,41.61,26769.93,345.00
2613866,19.35,41.60,16229.84,346.00
2616866,19.35,41.60,16615.34,348.00
2619866,19.36,41.61,17593.07,351.00
2622866,19.36,41.60,21305.50,352.00
2625866,19.36,41.60,19148.75,354.00
2628866,19.35,41.61,15376.62,357.00
2631866,19.35,41.61,14867.31,358.00
2634866,19.35,41.64,15658.60,359.00
2637866,19.35,41.63,12965.20,363.00
2640866,19.36,41.62,25413.07,364.00
2643866,19.36,41.61,19396.55,367.00
2646866,19.36,41.63,12294.23,368.00
2649866,19.37,41.63,17024.82,370.00
2652866,19.37,41.63,11583.34,371.00
2655866,19.36,41.63,11978.67,373.00
2658866,19.37,41.63,11394.50,376.00
2661866,19.37,41.65,11772.45,379.00
2664866,19.37,41.65,13329.92,380.00
2667866,19.38,41.64,11667.35,382.00
2670866,19.38,41.62,12334.24,382.00
2673866,19.37,41.65,13865.00,384.00
2676866,19.39,41.62,11023.84,385.00
2679866,19.38,41.61,12023.16,388.00
2682866,19.39,41.61,12490.59,389.00
2685866,19.39,41.64,11996.86,391.00
2688866,19.39,41.65,11764.35,392.00
2691866,19.39,41.62,13008.05,393.00
2694866,19.38,41.62,24275.20,393.00
2697866,19.39,41.62,13521.29,395.00
2700866,19.39,41.60,13335.68,397.00
2703866,19.39,41.60,10810.50,397.00
2706866,19.39,41.58,16061.88,398.00
2709866,19.39,41.56,17822.52,399.00
2712866,19.39,41.56,19657.61,391.00
2715866,19.39,41.56,12475.28,401.00
2718866,19.39,41.58,13828.48,411.00
2721866,19.39,41.56,13120.62,401.00
2724866,19.40,41.59,29485.51,403.00
2727866,19.40,41.59,9879.45,402.00
2730866,19.40,41.58,22819.18,404.00
2733866,19.40,41.59,11401.88,405.00
2736866,19.40,41.58,9809.18,407.00
2739866,19.41,41.58,11368.27,407.00
2742866,19.40,41.56,20107.24,410.00
2745866,19.40,41.59,12886.12,411.00
2748866,19.40,41.59,13042.16,414.00
2751866,19.41,41.60,10611.88,414.00
2754866,19.40,41.59,15704.51,416.00
2757866,19.41,41.58,16987.36,418.00
2760866,19.40,41.58,15984.99,419.00
2763866,19.40,41.60,12696.38,420.00
2766866,19.41,41.61,11162.60,419.00
2769866,19.41,41.63,14119.36,423.00
2772866,19.41,41.61,13901.50,422.00
2775866,19.41,41.61,15961.73,424.00
2778866,19.41,41.60,12807.58,424.00
2781866,19.41,41.59,20512.81,424.00
2784866,19.42,41.59,20682.45,425.00
2787866,19.42,41.58,18761.28,425.00
2790866,19.42,41.57,19136.59,426.00
2793866,19.42,41.58,19438.93,425.00
2796866,19.43,41.57,18845.63,424.00
2799866,19.43,41.54,20543.75,424.00
2802866,19.43,41.54,17658.32,424.00
2805866,19.43,41.55,15748.19,424.00
2808866,19.43,41.56,14533.98,424.00
2811866,19.42,41.54,12322.13,423.00
2814866,19.43,41.54,12242.01,423.00
2817866,19.42,41.54,16225.16,423.00
2820866,19.43,41.54,12894.75,422.00
2823866,19.42,41.57,15998.15,421.00
2826866,19.43,41.58,19016.77,422.00
2829866,19.43,41.57,12490.46,421.00
2832866,19.42,41.55,16312.82,420.00
2835866,19.43,41.57,15942.79,420.00
2838866,19.43,41.56,21639.77,420.00
2841866,19.43,41.55,18866.54,419.00
2844866,19.43,41.54,15454.99,419.00
2847866,19.42,41.53,18134.63,418.00
2850866,19.43,41.53,21140.77,417.00
2853866,19.43,41.56,15675.31,416.00
2856866,19.43,41.54,14351.45,414.00
2859866,19.43,41.52,13460.59,415.00
2862866,19.44,41.53,11708.99,414.00
2865866,19.43,41.52,13123.59,414.00
2868866,19.43,41.51,14390.98,412.00
2871866,19.43,41.51,13427.75,425.00
2874866,19.43,41.52,10843.91,409.00
2877866,19.43,41.52,14704.81,408.00
2880866,19.43,41.51,14585.90,405.00
2883866,19.43,41.52,12936.33,404.00
2886866,19.43,41.52,12196.42,402.00
2889866,19.43,41.54,21287.81,416.00
2892866,19.43,41.54,16662.73,400.00
2895866,19.43,41.54,21581.41,398.00
2898866,19.43,41.54,13011.80,396.00
2901866,19.44,41.54,14980.11,394.00
2904866,19.44,41.54,29487.86,393.00
2907866,19.43,41.53,16251.67,392.00
2910866,19.44,41.52,12779.61,390.00
2913866,19.43,41.53,11581.66,387.00
2916866,19.43,41.52,19599.61,386.00
2919866,19.43,41.54,20639.80,394.00
2922866,19.44,41.54,26115.33,381.00
2925866,19.44,41.53,16870.56,380.00
2928866,19.44,41.53,16701.01,378.00
2931866,19.44,41.51,33243.92,375.00
2934866,19.45,41.50,16602.75,376.00
2937866,19.45,41.50,23454.16,372.00
2940866,19.45,41.48,19948.46,370.00
2943866,19.44,41.53,22141.32,367.00
2946866,19.45,41.54,34825.47,365.00
2949866,19.45,41.56,22152.51,364.00
2952866,19.45,41.58,47306.88,362.00
2955866,19.45,41.58,28892.88,359.00
2958866,19.45,41.57,30644.25,356.00
2961866,19.46,41.56,18006.50,354.00
2964866,19.46,41.56,33190.18,352.00
2967866,19.45,41.54,15274.28,351.00
2970866,19.46,41.53,11369.15,348.00
2973866,19.46,41.53,13091.66,346.00
2976866,19.45,41.53,23807.14,343.00
2979866,19.45,41.54,24739.15,342.00
2982866,19.45,41.55,13768.77,341.00
2985866,19.45,41.55,17608.73,339.00
2988866,19.45,41.56,17021.42,336.00
2991866,19.46,41.57,18190.00,334.00
2994866,19.46,41.57,23984.74,332.00
2997866,19.46,41.59,14440.33,330.00
3000866,19.46,41.59,20051.91,328.00
3003866,19.46,41.59,24532.29,325.00
3006866,19.46,41.63,13801.61,322.00
3009866,19.47,41.64,23079.42,320.00
3012866,19.47,41.63,16032.36,318.00
3015866,19.47,41.61,25887.70,316.00
3018866,19.47,41.62,34052.88,312.00
3021866,19.47,41.62,25246.60,311.00
3024866,19.47,41.61,19364.05,309.00
3027866,19.48,41.60,22560.21,307.00
3030866,19.48,41.56,18961.34,305.00
3033866,19.47,41.55,15025.76,303.00
3036866,19.47,41.54,26564.53,300.00
3039866,19.47,41.55,17296.24,297.00
3042866,19.48,41.55,15701.04,295.00
3045866,19.48,41.57,13251.13,285.00
3048866,19.48,41.55,16771.41,291.00
3051866,19.48,41.50,13991.57,290.00
3054866,19.48,41.51,14367.40,288.00
3057866,19.48,41.50,13762.00,285.00
3060866,19.48,41.50,14207.78,283.00
3063866,19.48,41.50,16355.43,281.00
3066866,19.48,41.49,19409.44,279.00
3069866,19.47,41.49,13323.00,277.00
3072866,19.48,41.47,28761.39,276.00
3075866,19.48,41.46,16699.37,273.00
3078866,19.48,41.49,27775.71,264.00
3081866,19.48,41.47,27281.96,271.00
3084866,19.48,41.46,20714.18,282.00
3087866,19.48,41.46,16330.81,268.00
3090866,19.48,41.47,13946.30,268.00
3093866,19.48,41.47,21001.98,267.00
3096866,19.48,41.52,16372.80,258.00
3099866,19.48,41.54,13415.49,267.00
3102866,19.47,41.52,15450.45,265.00
3105866,19.47,41.50,20154.43,264.00
3108866,19.48,41.50,14333.38,263.00
3111866,19.48,41.50,11092.31,264.00
3114866,19.48,41.54,11501.44,263.00
3117866,19.47,41.51,13446.73,264.00
3120866,19.48,41.49,14433.91,263.00
3123866,19.48,41.51,15245.92,263.00
3126866,19.47,41.51,14344.79,262.00
3129866,19.47,41.49,14502.57,263.00
3132866,19.47,41.49,14736.94,255.00
3135866,19.47,41.50,11015.48,263.00
3138866,19.47,41.49,16806.76,263.00
3141866,19.46,41.47,11277.53,264.00
3144866,19.46,41.49,15496.22,264.00
3147866,19.46,41.47,16583.96,264.00
3150866,19.46,41.47,13357.97,265.00
3153866,19.46,41.49,13016.00,266.00
3156866,19.46,41.51,13599.11,266.00
3159866,19.46,41.50,10876.42,267.00
3162866,19.46,41.53,11696.75,267.00
3165866,19.46,41.53,11880.04,267.00
3168866,19.46,41.53,10900.73,269.00
3171866,19.47,41.52,12003.48,269.00
3174866,19.46,41.52,10485.53,270.00
3177866,19.46,41.52,12908.15,271.00
3180866,19.46,41.56,18846.46,272.00
3183866,19.46,41.59,11521.37,272.00
3186866,19.46,41.62,13429.94,272.00
3189866,19.47,41.62,14382.82,273.00
3192866,19.47,41.62,14222.05,274.00
3195866,19.47,41.61,16878.89,275.00
3198866,19.48,41.60,19340.94,276.00
3201866,19.47,41.57,20551.88,276.00
3204866,19.47,41.55,20179.22,278.00
3207866,19.48,41.54,17313.98,279.00
3210866,19.48,41.52,16252.49,280.00
3213866,19.48,41.56,15727.34,281.00
3216866,19.48,41.57,17977.02,282.00
3219866,19.47,41.55,13155.24,282.00
3222866,19.47,41.54,16167.82,285.00
3225866,19.47,41.52,12387.70,285.00
3228866,19.47,41.51,31851.34,286.00
3231866,19.47,41.52,22885.47,288.00
3234866,19.47,41.54,18483.82,290.00
3237866,19.48,41.52,15733.17,291.00
3240866,19.47,41.50,28086.53,293.00
3243866,19.48,41.50,31545.86,295.00
3246866,19.47,41.47,11190.55,297.00
3249866,19.47,41.46,16369.04,299.00
3252866,19.47,41.46,25539.97,301.00
3255866,19.47,41.45,17603.77,306.00
3258866,19.47,41.49,13489.50,308.00
3261866,19.47,41.49,13615.78,311.00
3264866,19.47,41.50,14922.54,313.00
3267866,19.48,41.52,18463.47,317.00
3270866,19.47,41.52,16420.56,320.00
3273866,19.48,41.52,16646.01,323.00
3276866,19.48,41.51,18805.79,327.00
3279866,19.48,41.51,12294.44,330.00
3282866,19.47,41.55,18546.96,333.00
3285866,19.48,41.60,15585.98,336.00
3288866,19.48,41.61,15707.73,337.00
3291866,19.48,41.60,12570.49,341.00
3294866,19.48,41.56,15240.02,345.00
3297866,19.48,41.54,13474.64,348.00
3300866,19.48,41.51,19591.11,350.00
3303866,19.47,41.52,15547.97,353.00
3306866,19.48,41.51,12328.63,356.00
3309866,19.47,41.51,15227.25,358.00
3312866,19.48,41.50,13554.99,359.00
3315866,19.48,41.52,10488.51,363.00
3318866,19.48,41.55,11362.65,362.00
3321866,19.48,41.54,10800.93,366.00
3324866,19.48,41.54,17372.97,367.00
3327866,19.48,41.50,14015.79,369.00
3330866,19.48,41.51,14225.05,370.00
3333866,19.48,41.52,10934.16,371.00
3336866,19.48,41.52,16467.73,371.00
3339866,19.48,41.51,15167.02,372.00
3342866,19.48,41.50,13102.63,373.00
3345866,19.48,41.49,18816.28,374.00
3348866,19.48,41.50,22829.25,374.00
3351866,19.48,41.49,22138.00,374.00
3354866,19.48,41.49,20924.14,365.00
3357866,19.48,41.48,18158.13,374.00
3360866,19.49,41.46,14125.67,375.00
3363866,19.49,41.46,23041.59,376.00
3366866,19.49,41.46,11418.13,377.00
3369866,19.49,41.46,21611.36,375.00
3372866,19.49,41.48,16272.23,378.00
3375866,19.49,41.46,11541.05,379.00
3378866,19.50,41.45,18453.79,380.00
3381866,19.50,41.48,15233.88,382.00
3384866,19.50,41.50,14321.94,382.00
3387866,19.50,41.50,14979.64,385.00
3390866,19.50,41.46,32738.70,385.00
3393866,19.50,41.46,12698.74,387.00
3396866,19.51,41.45,28126.33,389.00
3399866,19.51,41.43,15117.63,405.00
3402866,19.51,41.44,24205.97,392.00
3405866,19.51,41.43,16378.43,394.00
3408866,19.51,41.44,18898.52,400.00
3411866,19.51,41.44,20002.06,398.00
3414866,19.51,41.44,26077.51,400.00
3417866,19.52,41.43,17745.10,404.00
3420866,19.51,41.48,24856.86,406.00
3423866,19.51,41.48,18229.47,410.00
3426866,19.51,41.48,21500.93,413.00
3429866,19.51,41.47,22682.90,415.00
3432866,19.51,41.50,21771.24,420.00
3435866,19.51,41.50,23378.29,425.00
3438866,19.51,41.51,24613.64,434.00
3441866,19.51,41.50,26197.74,433.00
3444866,19.51,41.49,43546.11,437.00
3447866,19.52,41.48,23129.61,442.00
3450866,19.52,41.47,19847.14,447.00
3453866,19.52,41.44,22920.42,450.00
3456866,19.53,41.43,32034.88,456.00
3459866,19.53,41.41,39506.37,459.00
3462866,19.53,41.41,26386.72,463.00
3465866,19.53,41.42,26990.64,482.00
3468866,19.54,41.46,23959.63,472.00
3471866,19.53,41.46,23137.04,478.00
3474866,19.54,41.46,14617.22,483.00
3477866,19.54,41.43,18976.09,488.00
3480866,19.54,41.42,20557.15,493.00
3483866,19.54,41.41,13455.68,499.00
3486866,19.54,41.45,12903.84,505.00
3489866,19.55,41.45,19324.91,509.00
3492866,19.55,41.41,22245.81,516.00
3495866,19.55,41.40,14721.18,538.00
3498866,19.55,41.40,18854.88,529.00
3501866,19.55,41.37,27082.31,535.00
3504866,19.55,41.37,21908.41,540.00
3507866,19.55,41.39,19454.64,546.00
3510866,19.56,41.37,15331.76,541.00
3513866,19.56,41.37,13039.04,557.00
3516866,19.56,41.37,13499.77,560.00
3519866,19.56,41.36,13809.34,568.00
3522866,19.56,41.39,11011.43,573.00
3525866,19.56,41.41,14918.53,579.00
3528866,19.56,41.43,11061.96,584.00
3531866,19.57,41.45,11221.59,590.00
3534866,19.56,41.45,12977.91,596.00
3537866,19.57,41.43,11400.84,601.00
3540866,19.56,41.40,16840.35,606.00
3543866,19.57,41.38,15465.79,612.00
3546866,19.57,41.39,12179.56,616.00
3549866,19.58,41.36,25588.40,621.00
3552866,19.58,41.34,12508.92,626.00
3555866,19.58,41.34,16341.36,631.00
3558866,19.58,41.34,16756.46,634.00
3561866,19.58,41.33,32134.54,637.00
3564866,19.59,41.32,28602.33,641.00
3567866,19.59,41.30,27430.05,644.00
3570866,19.59,41.30,31760.41,647.00
3573866,19.60,41.32,17924.72,651.00
3576866,19.59,41.32,16619.27,654.00
3579866,19.59,41.30,11734.61,645.00
3582866,19.60,41.28,12659.75,661.00
3585866,19.61,41.28,21621.35,663.00
3588866,19.61,41.26,14097.53,665.00
3591866,19.61,41.27,23325.06,668.00
3594866,19.60,41.25,26732.53,669.00
3597866,19.61,41.23,16078.63,671.00
3600866,19.61,41.21,23273.91,673.00
3603866,19.61,41.21,13093.08,675.00
3606866,19.62,41.20,12775.89,675.00
3609866,19.62,41.21,21799.81,676.00
3612866,19.62,41.22,17506.58,676.00
3615866,19.62,41.22,13682.48,677.00
3618866,19.62,41.23,12110.12,678.00
3621866,19.62,41.21,21168.87,678.00
3624866,19.63,41.22,21789.15,678.00
3627866,19.63,41.21,19021.41,679.00
3630866,19.63,41.20,16129.97,679.00
3633866,19.63,41.19,32083.32,679.00
3636866,19.63,41.16,13692.64,679.00
3639866,19.63,41.19,19472.38,679.00
3642866,19.63,41.17,28120.23,679.00
3645866,19.63,41.17,24045.35,679.00
3648866,19.63,41.19,20221.60,681.00
3651866,19.63,41.19,14496.58,680.00
3654866,19.64,41.20,19504.96,680.00
3657866,19.64,41.20,18328.89,680.00
3660866,19.64,41.20,22562.79,680.00
3663866,19.65,41.19,18440.95,669.00
3666866,19.65,41.17,20931.45,681.00
3669866,19.66,41.14,20225.49,681.00
3672866,19.66,41.15,29040.28,682.00
3675866,19.66,41.15,14468.80,683.00
3678866,19.65,41.14,28490.74,684.00
3681866,19.66,41.15,19987.55,687.00
3684866,19.66,41.18,18025.40,687.00
3687866,19.66,41.14,12544.68,690.00
3690866,19.66,41.09,14817.59,691.00
3693866,19.66,41.08,15066.17,694.00
3696866,19.67,41.08,16759.13,697.00
3699866,19.67,41.07,16036.18,700.00
3702866,19.66,41.07,19891.46,702.00
3705866,19.66,41.07,24562.38,706.00
3708866,19.67,41.07,21518.71,708.00
3711866,19.67,41.07,22078.00,711.00
3714866,19.67,41.05,18031.95,714.00
3717866,19.67,41.05,18441.73,717.00
3720866,19.67,41.05,22008.52,721.00
3723866,19.67,41.03,15445.34,725.00
3726866,19.67,41.03,17002.57,745.00
3729866,19.67,41.08,17410.88,730.00
3732866,19.68,41.07,15025.83,732.00
3735866,19.68,41.03,13317.85,736.00
3738866,19.68,41.01,11003.66,738.00
3741866,19.69,41.00,13176.13,741.00
3744866,19.69,40.97,13426.95,744.00
3747866,19.70,40.99,11527.01,746.00
3750866,19.70,40.99,12761.93,748.00
3753866,19.70,40.98,11148.88,749.00
3756866,19.70,40.96,12134.73,751.00
3759866,19.70,40.96,12746.82,752.00
3762866,19.69,40.99,12276.65,752.00
3765866,19.70,40.99,17656.53,756.00
3768866,19.70,40.99,11993.07,754.00
3771866,19.70,40.99,12938.37,754.00
3774866,19.71,40.99,15268.46,755.00
3777866,19.71,40.95,18324.29,755.00
3780866,19.71,40.94,14011.49,755.00
3783866,19.71,40.94,13283.46,755.00
3786866,19.72,40.93,13035.63,753.00
3789866,19.71,40.94,12461.95,755.00
3792866,19.71,40.94,19064.20,754.00
3795866,19.71,40.95,11738.26,754.00
3798866,19.71,40.95,18438.27,752.00
3801866,19.71,40.94,13271.94,752.00
3804866,19.71,40.93,11895.05,749.00
3807866,19.71,40.93,11159.97,748.00
3810866,19.71,40.92,22514.43,746.00
3813866,19.71,40.93,10568.57,745.00
3816866,19.71,40.92,14078.03,744.00
3819866,19.71,40.90,12663.73,742.00
3822866,19.72,40.93,12580.70,741.00
3825866,19.71,40.94,10669.24,738.00
3828866,19.71,40.92,12029.05,737.00
3831866,19.71,40.90,10680.98,735.00
3834866,19.71,40.89,16602.96,733.00
3837866,19.71,40.90,16245.80,731.00
3840866,19.71,40.94,13838.79,729.00
3843866,19.71,40.95,10933.17,727.00
3846866,19.72,40.93,9863.22,741.00
3849866,19.71,40.94,13271.14,722.00
3852866,19.71,40.94,14759.08,720.00
3855866,19.71,40.94,16423.80,717.00
3858866,19.71,40.92,12681.70,715.00
3861866,19.71,40.92,13157.53,713.00
3864866,19.71,40.92,14296.97,710.00
3867866,19.71,40.92,15344.20,707.00
3870866,19.71,40.89,12008.78,705.00
3873866,19.71,40.89,15141.34,703.00
3876866,19.72,40.89,15459.60,699.00
3879866,19.71,40.88,16449.19,697.00
3882866,19.71,40.89,14951.92,692.00
3885866,19.71,40.89,18644.87,690.00
3888866,19.71,40.89,12826.53,688.00
3891866,19.71,40.89,11783.82,684.00
3894866,19.71,40.89,11213.91,682.00
3897866,19.71,40.90,21360.89,682.00
3900866,19.72,40.90,13481.80,675.00
3903866,19.71,40.88,16316.08,671.00
3906866,19.71,40.89,22554.99,668.00
3909866,19.71,40.90,16249.28,666.00
3912866,19.71,40.94,20840.37,663.00
3915866,19.71,40.92,24058.29,658.00
3918866,19.71,40.89,26644.83,657.00
3921866,19.71,40.86,23796.12,653.00
3924866,19.72,40.84,16987.76,650.00
3927866,19.72,40.86,23271.40,648.00
3930866,19.72,40.87,13166.47,634.00
3933866,19.72,40.87,20933.76,643.00
3936866,19.73,40.87,20998.48,640.00
3939866,19.72,40.86,26165.07,638.00
3942866,19.73,40.86,25406.91,635.00
3945866,19.73,40.86,23215.28,634.00
3948866,19.73,40.85,11049.33,633.00
3951866,19.73,40.85,16127.87,630.00
3954866,19.73,40.86,15198.96,628.00
3957866,19.73,40.88,15077.91,627.00
3960866,19.73,40.89,18174.01,626.00
3963866,19.73,40.88,14641.70,625.00
3966866,19.73,40.87,11830.69,623.00
3969866,19.73,40.85,13027.67,623.00
3972866,19.73,40.85,15108.10,626.00
3975866,19.73,40.81,11790.69,622.00
3978866,19.73,40.82,16012.30,622.00
3981866,19.73,40.80,17730.19,622.00
3984866,19.73,40.80,13009.81,621.00
3987866,19.73,40.81,17368.86,617.00
3990866,19.73,40.83,23445.35,612.00
3993866,19.73,40.87,10731.61,623.00
3996866,19.73,40.89,12824.96,622.00
3999866,19.73,40.88,14397.66,623.00
4002866,19.73,40.89,11029.49,624.00
4005866,19.73,40.87,11567.49,624.00
4008866,19.73,40.86,12338.62,626.00
4011866,19.74,40.82,12260.75,645.00
4014866,19.74,40.79,11547.12,628.00
4017866,19.73,40.80,11553.28,629.00
4020866,19.73,40.80,10890.59,631.00
4023866,19.74,40.77,13314.11,633.00
4026866,19.74,40.80,12385.36,631.00
4029866,19.74,40.82,13965.14,636.00
4032866,19.74,40.85,13591.07,636.00
4035866,19.74,40.88,17428.61,640.00
4038866,19.74,40.87,25408.46,642.00
4041866,19.74,40.87,27049.76,644.00
4044866,19.75,40.90,39975.39,647.00
4047866,19.74,40.89,26381.59,650.00
4050866,19.74,40.85,17470.36,652.00
4053866,19.75,40.82,12293.24,652.00
4056866,19.73,40.85,12160.71,656.00
4059866,19.74,40.88,13204.09,660.00
4062866,19.73,40.87,11507.78,661.00
4065866,19.73,40.88,14378.09,662.00
4068866,19.73,40.87,12742.38,665.00
4071866,19.73,40.88,10808.68,657.00
4074866,19.73,40.87,21693.13,665.00
4077866,19.73,40.86,12104.30,670.00
4080866,19.72,40.83,11426.62,672.00
4083866,19.73,40.81,11439.17,674.00
4086866,19.72,40.81,13629.28,672.00
4089866,19.72,40.82,12889.55,677.00
4092866,19.73,40.83,10995.39,679.00
4095866,19.72,40.81,18835.95,680.00
4098866,19.72,40.80,13546.82,680.00
4101866,19.72,40.78,14445.48,683.00
4104866,19.71,40.76,11812.13,684.00
4107866,19.71,40.77,11010.84,684.00
4110866,19.71,40.80,15920.15,684.00
4113866,19.71,40.81,15519.22,687.00
4116866,19.71,40.83,12937.92,687.00
4119866,19.72,40.87,13213.80,688.00
4122866,19.71,40.88,11179.95,688.00
4125866,19.72,40.89,14631.41,689.00
4128866,19.72,40.89,18741.07,689.00
4131866,19.72,40.87,12174.64,689.00
4134866,19.72,40.86,21090.94,689.00
4137866,19.72,40.83,22681.76,690.00
4140866,19.72,40.82,12023.15,690.00
4143866,19.72,40.82,16305.08,689.00
4146866,19.72,40.84,13822.13,689.00
4149866,19.72,40.83,17324.18,688.00
4152866,19.77,40.84,13408.67,687.00
4155866,19.78,40.83,12912.18,687.00
4158866,19.78,40.83,26804.02,685.00
4161866,19.78,40.81,14424.71,686.00
4164866,19.78,40.83,13847.77,684.00
4167866,19.79,40.83,12643.03,683.00
4170866,19.79,40.83,12845.16,681.00
4173866,19.80,40.82,18195.32,681.00
4176866,19.80,40.79,13346.17,679.00
4179866,19.80,40.79,13458.85,679.00
4182866,19.80,40.82,12561.33,677.00
4185866,19.80,40.79,12669.01,677.00
4188866,19.80,40.77,14420.28,675.00
4191866,19.80,40.75,14206.06,691.00
4194866,19.80,40.78,13162.46,674.00
4197866,19.81,40.79,13509.21,673.00
4200866,19.81,40.80,15172.33,674.00
4203866,19.82,40.79,13570.40,678.00
4206866,19.82,40.78,15589.80,674.00
4209866,19.82,40.83,17997.95,673.00
4212866,19.82,40.82,24614.24,673.00
4215866,19.82,40.82,15616.22,675.00
4218866,19.82,40.82,28234.89,676.00
4221866,19.83,40.82,21755.48,678.00
4224866,19.83,40.81,17860.08,678.00
4227866,19.84,40.78,21954.83,680.00
4230866,19.84,40.79,18493.04,684.00
4233866,19.84,40.81,13153.96,687.00
4236866,19.84,40.79,14025.52,688.00
4239866,19.84,40.79,18993.28,693.00
4242866,23.24,100.00,16158.85,696.00
4245866,23.24,100.00,18743.68,700.00
4248866,23.24,100.00,21871.81,704.00
4251866,23.24,100.00,13299.45,708.00
4254866,23.24,100.00,15300.79,713.00
4257866,23.24,100.00,16914.97,717.00
4260866,23.24,100.00,13235.04,722.00
4263866,23.24,100.00,19181.83,727.00
4266866,23.24,100.00,14830.03,733.00
4269866,23.24,100.00,17148.36,738.00
4272866,23.24,100.00,14018.12,743.00
4275866,23.24,100.00,14979.09,749.00
4278866,23.24,100.00,11665.20,754.00
4281866,23.24,100.00,12538.94,759.00
4284866,23.24,100.00,13951.27,766.00
4287866,23.24,100.00,11959.63,791.00
4290866,23.24,100.00,16096.15,777.00
4293866,23.24,100.00,15651.74,784.00
4296866,23.24,100.00,15987.62,791.00
4299866,23.24,100.00,21806.14,798.00
4302866,23.24,100.00,18968.87,804.00
4305866,23.24,100.00,13419.65,811.00
4308866,23.24,100.00,10720.55,818.00
4311866,23.24,100.00,10873.21,825.00
4314866,23.24,100.00,12029.55,833.00
4317866,23.24,100.00,10960.17,838.00
4320866,23.24,100.00,11812.53,847.00
4323866,23.24,100.00,11156.99,853.00
4326866,23.24,100.00,9965.39,864.00
4329866,23.24,100.00,11883.90,888.00
4332866,23.24,100.00,11592.13,871.00
4335866,23.24,100.00,10601.61,882.00
4338866,23.24,100.00,10659.34,904.00
4341866,23.24,100.00,12717.35,892.00
4344866,23.24,100.00,14928.12,899.00
4347866,23.24,100.00,21444.45,905.00
4350866,23.24,100.00,24971.80,911.00
4353866,23.24,100.00,20627.00,916.00
4356866,23.24,100.00,18226.09,921.00
4359866,23.24,100.00,20107.58,926.00
4362866,23.24,100.00,23851.68,929.00
4365866,23.24,100.00,16237.07,919.00
4368866,23.24,100.00,21706.43,922.00
4371866,23.24,100.00,19041.96,940.00
4374866,23.24,100.00,19832.54,944.00
4377866,23.24,100.00,14528.10,946.00
4380866,23.24,100.00,20962.06,931.00
4383866,23.24,100.00,16071.02,949.00
4386866,23.24,100.00,23123.75,949.00
4389866,23.24,100.00,13607.57,952.00
4392866,23.24,100.00,12227.70,952.00
4395866,23.24,100.00,15675.99,951.00
4398866,23.24,100.00,14558.17,954.00
4401866,23.24,100.00,17460.66,953.00
4404866,23.24,100.00,26776.83,955.00
4407866,23.24,100.00,25712.09,953.00
4410866,23.24,100.00,20704.80,956.00
4413866,23.24,100.00,21209.61,956.00
4416866,23.24,100.00,12860.01,956.00
4419866,23.24,100.00,13138.29,956.00
4422866,23.24,100.00,24341.86,956.00
4425866,23.24,100.00,24485.03,955.00
4428866,23.24,100.00,14219.00,953.00
4431866,23.24,100.00,16141.47,951.00
4434866,23.24,100.00,22323.71,954.00
4437866,23.24,100.00,24519.05,953.00
4440866,23.24,100.00,13129.24,952.00
4443866,23.24,100.00,14135.20,950.00
4446866,23.24,100.00,15747.84,948.00
4449866,23.24,100.00,21554.61,946.00
4452866,23.24,100.00,13495.93,963.00
4455866,23.24,100.00,30332.55,940.00
4458866,23.24,100.00,17299.50,937.00
4461866,23.24,100.00,20137.69,933.00
4464866,23.24,100.00,21189.82,928.00
4467866,23.24,100.00,13005.56,922.00
4470866,23.24,100.00,13555.67,917.00
4473866,23.24,100.00,20044.43,911.00
4476866,23.24,100.00,15058.22,906.00
4479866,23.24,100.00,42059.29,899.00
4482866,23.24,100.00,15652.02,892.00
4485866,23.24,100.00,20576.44,886.00
4488866,23.24,100.00,15522.46,879.00
4491866,23.24,100.00,16913.85,872.00
4494866,23.24,100.00,12964.58,864.00
4497866,23.24,100.00,15643.25,856.00
4500866,23.24,100.00,13588.97,849.00
4503866,23.24,100.00,13084.66,841.00
4506866,23.24,100.00,13739.42,832.00
4509866,23.24,100.00,15393.34,810.00
4512866,23.24,100.00,14821.43,816.00
4515866,23.24,100.00,12949.81,809.00
4518866,23.24,100.00,11340.68,800.00
4521866,23.24,100.00,13215.07,792.00
4524866,23.24,100.00,11114.61,805.00
4527866,23.24,100.00,11884.96,794.00
4530866,23.24,100.00,17168.47,768.00
4533866,23.24,100.00,15107.85,760.00
4536866,23.24,100.00,12708.95,752.00
4539866,23.24,100.00,12554.01,744.00
4542866,23.24,100.00,15023.82,736.00
4545866,23.24,100.00,11434.11,730.00
4548866,23.24,100.00,14369.27,721.00
4551866,23.24,100.00,14939.92,714.00
4554866,23.24,100.00,14007.03,726.00
4557866,23.24,100.00,14158.40,700.00
4560866,23.24,100.00,13579.26,692.00
4563866,23.24,100.00,11421.35,673.00
4566866,23.24,100.00,12879.61,679.00
4569866,23.24,100.00,11983.91,671.00
4572866,23.24,100.00,14452.25,665.00
4575866,23.24,100.00,12942.69,657.00
4578866,23.24,100.00,11364.27,652.00
4581866,23.24,100.00,13159.46,644.00
4584866,23.24,100.00,10525.17,637.00
4587866,23.24,100.00,12423.55,627.00
4590866,23.24,100.00,11672.69,624.00
4593866,23.24,100.00,12510.04,618.00
4596866,23.24,100.00,12199.28,611.00
4599866,23.24,100.00,16857.67,604.00
4602866,23.24,100.00,13140.49,599.00
4605866,23.24,100.00,13486.93,591.00
4608866,23.24,100.00,14752.74,584.00
4611866,23.24,100.00,14434.27,578.00
4614866,23.24,100.00,14178.31,571.00
4617866,23.24,100.00,11649.15,554.00
4620866,23.24,100.00,11813.34,548.00
4623866,23.24,100.00,14578.25,542.00
4626866,23.24,100.00,19540.45,545.00
4629866,23.24,100.00,13242.00,540.00
4632866,23.24,100.00,12610.37,534.00
4635866,23.24,100.00,12268.42,527.00
4638866,23.24,100.00,11168.56,522.00
4641866,23.24,100.00,13265.82,515.00
4644866,23.24,100.00,11951.96,511.00
4647866,23.24,100.00,23639.90,504.00
4650866,23.24,100.00,13793.12,499.00
4653866,23.24,100.00,12619.08,493.00
4656866,23.24,100.00,11357.82,477.00
4659866,23.24,100.00,13624.08,483.00
4662866,23.24,100.00,13780.09,477.00
4665866,23.24,100.00,12663.76,473.00
4668866,23.24,100.00,10274.66,468.00
4671866,23.24,100.00,10908.81,463.00
4674866,23.24,100.00,17306.20,459.00
4677866,23.24,100.00,30533.16,454.00
4680866,23.24,100.00,12781.41,448.00
4683866,23.24,100.00,12835.21,444.00
4686866,23.24,100.00,10811.29,439.00
4689866,23.24,100.00,11899.43,434.00
4692866,23.24,100.00,13126.78,429.00
4695866,23.24,100.00,12990.68,423.00
4698866,23.24,100.00,16377.02,420.00
4701866,23.24,100.00,13407.86,414.00
4704866,23.24,100.00,15903.95,410.00
4707866,23.24,100.00,26624.96,406.00
4710866,23.24,100.00,13846.30,400.00
4713866,23.24,100.00,12066.73,397.00
4716866,23.24,100.00,18432.40,391.00
4719866,23.24,100.00,15018.70,385.00
4722866,23.24,100.00,14280.53,381.00
4725866,23.24,100.00,13002.67,378.00
4728866,23.24,100.00,13973.75,373.00
4731866,23.24,100.00,12572.50,369.00
4734866,23.24,100.00,20616.68,365.00
4737866,23.24,100.00,11992.54,361.00
4740866,23.24,100.00,12476.82,356.00
4743866,23.24,100.00,11113.10,352.00
4746866,23.24,100.00,12608.38,348.00
4749866,23.24,100.00,10598.28,343.00
4752866,23.24,100.00,12003.48,354.00
4755866,23.24,100.00,11861.95,336.00
4758866,23.24,100.00,11724.59,331.00
4761866,23.24,100.00,10469.14,328.00
4764866,23.24,100.00,12563.34,323.00
4767866,23.24,100.00,11679.13,320.00
4770866,23.24,100.00,12006.45,317.00
4773866,23.24,100.00,12465.07,314.00
4776866,23.24,100.00,14265.21,311.00
4779866,23.24,100.00,22644.16,307.00
4782866,23.24,100.00,16234.11,305.00
4785866,23.24,100.00,21778.40,302.00
4788866,23.24,100.00,21118.49,299.00
4791866,23.24,100.00,15658.93,297.00
4794866,23.24,100.00,26225.31,293.00
4797866,23.24,100.00,29927.08,296.00
4800866,23.24,100.00,17894.06,289.00
4803866,23.24,100.00,16008.48,286.00
4806866,23.24,100.00,13142.91,285.00
4809866,23.24,100.00,25527.57,282.00
4812866,23.24,100.00,18551.66,278.00
4815866,23.24,100.00,15952.01,277.00
4818866,23.24,100.00,15039.71,275.00
4821866,23.24,100.00,20489.52,273.00
4824866,23.24,100.00,15466.96,271.00
4827866,23.24,100.00,25710.08,269.00
4830866,23.24,100.00,28133.12,267.00
4833866,23.24,100.00,18003.55,265.00
4836866,23.24,100.00,28781.38,263.00
4839866,23.24,100.00,26986.89,261.00
4842866,23.24,100.00,17751.88,260.00
4845866,23.24,100.00,20378.05,258.00
4848866,23.24,100.00,12726.14,256.00
4851866,23.24,100.00,15844.18,255.00
4854866,23.24,100.00,20063.62,255.00
4857866,23.24,100.00,16711.46,254.00
4860866,23.24,100.00,22444.65,252.00
4863866,23.24,100.00,15811.97,251.00
4866866,23.24,100.00,20228.98,250.00
4869866,23.24,100.00,14074.15,248.00
4872866,23.24,100.00,15101.18,248.00
4875866,23.24,100.00,12827.28,247.00
4878866,23.24,100.00,11683.37,246.00
4881866,23.24,100.00,12184.25,245.00
4884866,23.24,100.00,12987.50,243.00
4887866,23.24,100.00,12088.84,243.00
4890866,23.24,100.00,13398.38,242.00
4893866,23.24,100.00,11325.42,241.00
4896866,23.24,100.00,11480.33,241.00
4899866,23.24,100.00,10912.88,239.00
4902866,23.24,100.00,14758.17,239.00
4905866,23.24,100.00,14100.78,239.00
4908866,23.24,100.00,12186.29,237.00
4911866,23.24,100.00,22073.19,237.00
4914866,23.24,100.00,20275.88,236.00
4917866,23.24,100.00,13623.16,236.00
4920866,23.24,100.00,20245.59,235.00
4923866,23.24,100.00,30028.41,234.00
4926866,23.24,100.00,24811.55,234.00
4929866,23.24,100.00,26098.93,233.00
4932866,23.24,100.00,31783.54,234.00
4935866,23.24,100.00,14210.93,233.00
4938866,23.24,100.00,42057.40,232.00
4941866,23.24,100.00,24177.11,222.00
4944866,23.24,100.00,17818.87,231.00
4947866,23.24,100.00,13233.39,232.00
4950866,23.24,100.00,16588.69,231.00
4953866,23.24,100.00,25371.65,231.00
4956866,23.24,100.00,16390.59,231.00
4959866,23.24,100.00,15335.16,231.00
4962866,23.24,100.00,20501.06,232.00
4965866,23.24,100.00,20983.97,245.00
4968866,23.24,100.00,20655.92,233.00
4971866,23.24,100.00,26966.12,233.00
4974866,23.24,100.00,23919.23,234.00
4977866,23.24,100.00,11846.76,248.00
4980866,23.24,100.00,25637.23,235.00
4983866,23.24,100.00,20700.58,238.00
4986866,23.24,100.00,32353.30,236.00
4989866,23.24,100.00,14983.12,239.00
4992866,23.24,100.00,14361.80,239.00
4995866,23.24,100.00,16173.54,254.00
4998866,23.24,100.00,15485.59,242.00
5001866,23.24,100.00,22223.88,245.00
5004866,23.24,100.00,16328.46,246.00
5007866,23.24,100.00,14539.17,247.00
5010866,23.24,100.00,13170.08,250.00
5013866,23.24,100.00,12770.96,252.00
5016866,23.24,100.00,12703.07,255.00
5019866,23.24,100.00,17321.44,257.00
5022866,23.24,100.00,12582.09,259.00
5025866,23.24,100.00,14747.43,262.00
5028866,23.24,100.00,22076.59,265.00
5031866,23.24,100.00,17434.19,267.00
5034866,23.24,100.00,17429.30,263.00
5037866,23.24,100.00,20185.66,278.00
5040866,23.24,100.00,18026.88,278.00
5043866,23.24,100.00,15319.56,281.00
5046866,23.24,100.00,13805.24,284.00
5049866,23.24,100.00,18689.51,289.00
5052866,23.24,100.00,23729.88,292.00
5055866,23.24,100.00,15529.43,295.00
5058866,23.24,100.00,18819.52,299.00
5061866,23.24,100.00,13310.44,304.00
5064866,23.24,100.00,12298.63,309.00
5067866,23.24,100.00,13476.89,313.00
5070866,23.24,100.00,20913.20,317.00
5073866,23.24,100.00,16631.59,321.00
5076866,23.24,100.00,13030.90,326.00
5079866,23.24,100.00,15075.71,329.00
5082866,23.24,100.00,14490.68,335.00
5085866,23.24,100.00,17940.35,354.00
5088866,23.24,100.00,14785.05,367.00
5091866,23.24,100.00,12695.30,347.00
5094866,23.24,100.00,14898.00,350.00
5097866,23.24,100.00,13075.26,354.00
5100866,23.24,100.00,14996.15,358.00
5103866,23.24,100.00,13770.29,361.00
5106866,23.24,100.00,19371.51,365.00
5109866,23.24,100.00,11550.75,368.00
5112866,23.24,100.00,12949.24,373.00
5115866,23.24,100.00,17119.81,375.00
5118866,23.24,100.00,15047.42,380.00
5121866,23.24,100.00,14882.45,384.00
5124866,23.24,100.00,12460.24,386.00
5127866,23.24,100.00,22913.30,390.00
5130866,23.24,100.00,13200.12,393.00
5133866,23.24,100.00,10293.73,386.00
5136866,23.24,100.00,22759.45,398.00
5139866,23.24,100.00,14561.41,393.00
5142866,23.24,100.00,16652.52,405.00
5145866,23.24,100.00,12665.21,409.00
5148866,23.24,100.00,15938.35,411.00
5151866,23.24,100.00,19619.66,415.00
5154866,23.24,100.00,22686.82,427.00
5157866,23.24,100.00,18989.53,419.00
5160866,23.24,100.00,11891.47,424.00
5163866,23.24,100.00,17596.40,428.00
5166866,23.24,100.00,11110.51,422.00
5169866,23.24,100.00,12626.76,435.00
5172866,23.24,100.00,15268.43,439.00
5175866,23.24,100.00,15730.14,442.00
5178866,23.24,100.00,14539.76,446.00
5181866,23.24,100.00,17615.87,450.00
5184866,23.24,100.00,14917.21,454.00
5187866,23.24,100.00,24325.58,458.00
5190866,23.24,100.00,17773.90,462.00
5193866,23.24,100.00,17885.47,455.00
5196866,23.24,100.00,14343.23,471.00
5199866,23.24,100.00,13252.69,491.00
5202866,23.24,100.00,13185.47,478.00
5205866,23.24,100.00,10857.08,481.00
5208866,23.24,100.00,22795.04,486.00
5211866,23.24,100.00,14604.37,489.00
5214866,23.24,100.00,10965.39,493.00
5217866,23.24,100.00,12640.58,497.00
5220866,23.24,100.00,23167.21,501.00
5223866,23.24,100.00,20776.95,504.00
5226866,23.24,100.00,18273.55,507.00
5229866,23.24,100.00,19234.31,510.00
5232866,23.24,100.00,21660.06,513.00
5235866,23.24,100.00,14782.78,516.00
5238866,23.24,100.00,15578.19,520.00
5241866,23.24,100.00,13941.61,523.00
5244866,23.24,100.00,16420.19,527.00
5247866,23.24,100.00,30691.03,530.00
5250866,23.24,100.00,21730.68,534.00
5253866,23.24,100.00,17388.95,536.00
5256866,23.24,100.00,26320.06,541.00
5259866,23.24,100.00,26610.17,545.00
5262866,23.24,100.00,21586.79,548.00
5265866,23.24,100.00,28280.64,552.00
5268866,23.24,100.00,14264.56,556.00
5271866,23.24,100.00,12271.35,560.00
5274866,23.24,100.00,17960.44,565.00
5277866,23.24,100.00,19311.22,568.00
5280866,23.24,100.00,20115.54,573.00
5283866,23.24,100.00,11363.52,577.00
5286866,23.24,100.00,23063.97,581.00
5289866,23.24,100.00,14453.19,585.00
5292866,23.24,100.00,12885.98,588.00
5295866,23.24,100.00,14186.97,591.00
5298866,23.24,100.00,12190.29,596.00
5301866,23.24,100.00,14430.04,599.00
5304866,23.24,100.00,17465.81,602.00
5307866,23.24,100.00,12956.56,605.00
5310866,23.24,100.00,11911.00,608.00
5313866,23.24,100.00,12224.29,611.00
5316866,23.24,100.00,13804.38,614.00
5319866,23.24,100.00,14932.33,618.00
5322866,23.24,100.00,23970.59,620.00
5325866,23.24,100.00,16852.76,623.00
5328866,23.24,100.00,23914.96,625.00
5331866,23.24,100.00,18254.41,628.00
5334866,23.24,100.00,15147.37,631.00
5337866,23.24,100.00,12647.84,633.00
5340866,23.24,100.00,14041.76,636.00
5343866,23.24,100.00,11115.31,638.00
5346866,23.24,100.00,12609.57,641.00
5349866,23.24,100.00,12151.10,632.00
5352866,23.24,100.00,20741.92,647.00
5355866,23.24,100.00,12753.17,650.00
5358866,23.24,100.00,11625.17,650.00
5361866,23.24,100.00,12453.17,654.00
5364866,23.24,100.00,12428.39,657.00
5367866,23.24,100.00,14444.64,660.00
5370866,23.24,100.00,12496.78,662.00
5373866,23.24,100.00,12595.82,666.00
5376866,23.24,100.00,11924.83,668.00
5379866,23.24,100.00,15313.81,671.00
5382866,23.24,100.00,12771.36,674.00
5385866,23.24,100.00,12918.42,672.00
5388866,23.24,100.00,15792.15,679.00
5391866,23.24,100.00,13420.41,682.00
5394866,23.24,100.00,15103.42,684.00
5397866,23.24,100.00,21733.75,687.00
5400866,23.24,100.00,13929.36,690.00
5403866,23.24,100.00,14059.39,678.00
5406866,23.24,100.00,12420.91,693.00
5409866,23.24,100.00,15401.86,695.00
5412866,23.24,100.00,16172.62,695.00
5415866,23.24,100.00,17126.84,698.00
5418866,23.24,100.00,12880.88,699.00
5421866,23.24,100.00,11528.58,699.00
5424866,23.24,100.00,13486.39,700.00
5427866,23.24,100.00,17348.75,701.00
5430866,23.24,100.00,15041.18,700.00
5433866,23.24,100.00,14916.80,700.00
5436866,23.24,100.00,18879.77,700.00
5439866,23.24,100.00,19972.99,700.00
5442866,23.24,100.00,13529.56,698.00
5445866,23.24,100.00,12596.71,698.00
5448866,23.24,100.00,12061.96,697.00
5451866,23.24,100.00,12600.03,692.00
5454866,23.24,100.00,12657.87,694.00
5457866,23.24,100.00,11151.05,692.00
5460866,23.24,100.00,11233.26,689.00
5463866,23.24,100.00,11005.95,688.00
5466866,23.24,100.00,12772.80,687.00
5469866,23.24,100.00,12897.41,684.00
5472866,23.24,100.00,13673.74,682.00
5475866,23.24,100.00,13045.03,680.00
5478866,23.24,100.00,11430.57,679.00
5481866,23.24,100.00,12995.47,676.00
5484866,23.24,100.00,12438.91,702.00
5487866,23.24,100.00,20218.17,671.00
5490866,23.24,100.00,37970.16,669.00
5493866,23.24,100.00,12262.38,666.00
5496866,23.24,100.00,12259.98,664.00
5499866,23.24,100.00,11170.48,662.00
5502866,23.24,100.00,12635.22,660.00
5505866,23.24,100.00,10632.95,658.00
5508866,23.24,100.00,13769.84,655.00
5511866,23.24,100.00,12645.72,654.00
5514866,23.24,100.00,13305.50,651.00
5517866,23.24,100.00,11312.55,651.00
5520866,23.24,100.00,14769.96,648.00
5523866,23.24,100.00,10749.22,648.00
5526866,23.24,100.00,13194.75,646.00
5529866,23.24,100.00,18875.47,645.00
5532866,23.24,100.00,11686.97,644.00
5535866,23.24,100.00,15325.48,643.00
5538866,23.24,100.00,14125.49,644.00
5541866,23.24,100.00,14766.76,632.00
5544866,23.24,100.00,15400.07,645.00
5547866,23.24,100.00,15959.05,646.00
5550866,23.24,100.00,16361.31,647.00
5553866,23.24,100.00,21674.25,648.00
5556866,23.24,100.00,16784.29,650.00
5559866,23.24,100.00,14200.06,653.00
5562866,23.24,100.00,12598.01,656.00
5565866,23.24,100.00,16183.17,656.00
5568866,23.24,100.00,15976.63,661.00
5571866,23.24,100.00,24225.43,663.00
5574866,23.24,100.00,20022.38,666.00
5577866,23.24,100.00,14997.29,670.00
5580866,23.24,100.00,22522.28,674.00
5583866,23.24,100.00,23191.18,678.00
5586866,23.24,100.00,21901.83,681.00
5589866,23.24,100.00,28599.97,686.00
5592866,23.24,100.00,17362.42,690.00
5595866,23.24,100.00,28057.99,694.00
5598866,23.24,100.00,26431.87,700.00
5601866,23.24,100.00,31624.46,692.00
5604866,23.24,100.00,31572.87,707.00
5607866,23.24,100.00,14049.75,714.00
5610866,23.24,100.00,19312.75,718.00
5613866,23.24,100.00,26923.85,724.00
5616866,23.24,100.00,31799.96,728.00
5619866,23.24,100.00,22285.84,734.00
5622866,23.24,100.00,18898.20,739.00
5625866,23.24,100.00,15678.12,744.00
5628866,23.24,100.00,18960.30,749.00
5631866,23.24,100.00,16901.50,754.00
5634866,23.24,100.00,11220.97,759.00
5637866,23.24,100.00,15594.50,764.00
5640866,23.24,100.00,21686.11,768.00
5643866,23.24,100.00,17690.84,774.00
5646866,23.24,100.00,11982.97,777.00
5649866,23.24,100.00,14250.50,782.00
5652866,23.24,100.00,24892.76,787.00
5655866,23.24,100.00,24304.61,791.00
5658866,23.24,100.00,18186.96,795.00
5661866,23.24,100.00,14544.89,785.00
5664866,23.24,100.00,12606.87,802.00
5667866,23.24,100.00,15126.52,804.00
5670866,23.24,100.00,16135.73,810.00
5673866,23.24,100.00,10988.27,812.00
5676866,23.24,100.00,12757.96,815.00
5679866,23.24,100.00,15585.32,817.00
5682866,23.24,100.00,17315.59,819.00
5685866,23.24,100.00,11802.40,821.00
5688866,23.24,100.00,14495.39,822.00
5691866,23.24,100.00,11752.30,822.00
5694866,23.24,100.00,12611.11,823.00
5697866,23.24,100.00,18540.85,823.00
5700866,23.24,100.00,18449.41,822.00
5703866,23.24,100.00,13430.31,822.00
5706866,23.24,100.00,15971.87,822.00
5709866,23.24,100.00,14834.26,821.00
5712866,23.24,100.00,13524.75,819.00
5715866,23.24,100.00,19063.07,817.00
5718866,23.24,100.00,15486.44,814.00
5721866,23.24,100.00,19304.58,811.00
5724866,23.24,100.00,12615.41,808.00
5727866,23.24,100.00,12886.67,804.00
5730866,23.24,100.00,11294.88,800.00
5733866,23.24,100.00,16853.04,797.00
5736866,23.24,100.00,17681.02,793.00
5739866,23.24,100.00,11557.31,790.00
5742866,23.24,100.00,13685.63,784.00
5745866,23.24,100.00,15351.58,779.00
5748866,23.24,100.00,18517.92,774.00
5751866,23.24,100.00,37964.93,770.00
5754866,23.24,100.00,18283.66,765.00
5757866,23.24,100.00,18468.09,759.00
5760866,23.24,100.00,20980.58,754.00
5763866,23.24,100.00,15424.28,749.00
5766866,23.24,100.00,25843.87,743.00
5769866,23.24,100.00,12851.73,738.00
5772866,23.24,100.00,23986.23,732.00
5775866,23.24,100.00,24692.61,723.00
5778866,23.24,100.00,34212.00,707.00
5781866,23.24,100.00,17204.87,714.00
5784866,23.24,100.00,23874.73,709.00
5787866,23.24,100.00,15223.08,704.00
5790866,23.24,100.00,16777.20,698.00
5793866,23.24,100.00,12741.42,691.00
5796866,23.24,100.00,11655.84,687.00
5799866,23.24,100.00,37931.61,682.00
5802866,23.24,100.00,13102.09,676.00
5805866,23.24,100.00,14429.46,670.00
5808866,23.24,100.00,31506.28,666.00
5811866,23.24,100.00,15465.50,660.00
5814866,23.24,100.00,24210.11,655.00
5817866,23.24,100.00,19998.37,648.00
5820866,23.24,100.00,27673.95,645.00
5823866,23.24,100.00,28814.96,642.00
5826866,23.24,100.00,20515.94,636.00
5829866,23.24,100.00,18075.33,631.00
5832866,23.24,100.00,44684.61,616.00
5835866,23.24,100.00,26181.89,624.00
5838866,23.24,100.00,26024.95,620.00
5841866,23.24,100.00,21197.09,617.00
5844866,23.24,100.00,17336.44,613.00
5847866,23.24,100.00,14285.41,610.00
5850866,23.24,100.00,13633.19,607.00
5853866,23.24,100.00,16326.20,604.00
5856866,23.24,100.00,21128.47,602.00
5859866,23.24,100.00,13732.83,600.00
5862866,23.24,100.00,20063.33,597.00
5865866,23.24,100.00,20454.59,595.00
5868866,23.24,100.00,15171.13,594.00
5871866,23.24,100.00,22067.31,591.00
5874866,23.24,100.00,17098.14,590.00
5877866,23.24,100.00,15982.68,588.00
5880866,23.24,100.00,15978.46,586.00
5883866,23.24,100.00,22428.06,585.00
5886866,23.24,100.00,11797.97,583.00
5889866,23.24,100.00,13200.66,582.00
5892866,23.24,100.00,19051.13,596.00
5895866,23.24,100.00,10379.73,578.00
5898866,23.24,100.00,14640.59,577.00
5901866,23.24,100.00,17220.38,575.00
5904866,23.24,100.00,11742.54,574.00
5907866,23.24,100.00,12674.46,576.00
5910866,23.24,100.00,14223.45,572.00
5913866,23.24,100.00,11140.64,570.00
5916866,23.24,100.00,11660.47,569.00
5919866,23.24,100.00,13124.08,568.00
5922866,23.24,100.00,14265.87,566.00
5925866,23.24,100.00,11600.84,565.00
5928866,23.24,100.00,13406.88,564.00
5931866,23.24,100.00,14499.31,563.00
5934866,23.24,100.00,15573.54,561.00
5937866,23.24,100.00,25895.69,550.00
5940866,23.24,100.00,28790.21,560.00
5943866,23.24,100.00,13928.99,559.00
5946866,23.24,100.00,14120.60,558.00
5949866,23.24,100.00,14853.73,557.00
5952866,23.24,100.00,12880.82,556.00
5955866,23.24,100.00,19597.42,555.00
5958866,23.24,100.00,28023.14,554.00
5961866,23.24,100.00,12677.64,553.00
5964866,23.24,100.00,15995.25,551.00
5967866,23.24,100.00,14189.17,550.00
5970866,23.24,100.00,22308.91,550.00
5973866,23.24,100.00,15739.50,548.00
5976866,23.24,100.00,14240.90,547.00
5979866,23.24,100.00,18245.39,547.00
5982866,23.24,100.00,19236.52,545.00
5985866,23.24,100.00,17132.55,533.00
5988866,23.24,100.00,18283.55,543.00
5991866,23.24,100.00,19875.62,538.00
5994866,23.24,100.00,14227.65,540.00
5997866,23.24,100.00,16218.47,539.00
6000866,23.24,100.00,19656.61,537.00
6003866,23.24,100.00,16608.85,536.00
6006866,23.24,100.00,22716.63,534.00
6009866,23.24,100.00,17751.27,533.00
6012866,23.24,100.00,14732.23,522.00
6015866,23.24,100.00,26833.28,531.00
6018866,23.24,100.00,20178.39,531.00
6021866,23.24,100.00,27091.25,529.00
6024866,23.24,100.00,19200.38,529.00
6027866,23.24,100.00,19072.08,526.00
6030866,23.24,100.00,18926.96,528.00
6033866,23.24,100.00,14721.28,516.00
6036866,23.24,100.00,21737.71,515.00
6039866,23.24,100.00,26654.19,527.00
6042866,23.24,100.00,16715.90,527.00
6045866,23.24,100.00,17396.71,527.00
6048866,23.24,100.00,16451.37,527.00
6051866,23.24,100.00,13644.23,529.00
6054866,23.24,100.00,11495.34,529.00
6057866,23.24,100.00,15145.47,529.00
6060866,23.24,100.00,19721.17,530.00
6063866,23.24,100.00,24367.04,529.00
6066866,23.24,100.00,28377.66,531.00
6069866,23.24,100.00,17597.38,533.00
6072866,23.24,100.00,14380.73,523.00
6075866,23.24,100.00,13761.34,535.00
6078866,23.24,100.00,24334.17,537.00
6081866,23.24,100.00,21458.68,538.00
6084866,23.24,100.00,20599.18,540.00
6087866,23.24,100.00,20673.95,541.00
6090866,23.24,100.00,18747.99,542.00
6093866,23.24,100.00,28451.13,544.00
6096866,23.24,100.00,16277.52,543.00
6099866,23.24,100.00,23254.40,548.00
6102866,23.24,100.00,15588.00,551.00
6105866,23.24,100.00,38950.23,553.00
6108866,23.24,100.00,19179.36,555.00
6111866,23.24,100.00,19648.58,558.00
6114866,23.24,100.00,34217.47,560.00
6117866,23.24,100.00,23221.80,562.00
6120866,23.24,100.00,21920.57,582.00
6123866,23.24,100.00,14366.17,567.00
6126866,23.24,100.00,15496.36,558.00
6129866,23.24,100.00,38459.11,573.00
6132866,23.24,100.00,15548.94,576.00
6135866,23.24,100.00,15312.62,580.00
6138866,23.24,100.00,21296.19,584.00
6141866,23.24,100.00,15609.07,588.00
6144866,23.24,100.00,16904.02,591.00
6147866,23.24,100.00,20142.49,594.00
6150866,23.24,100.00,16027.67,597.00
6153866,23.24,100.00,16004.26,602.00
6156866,23.24,100.00,13507.02,606.00
6159866,23.24,100.00,12005.30,609.00
6162866,23.24,100.00,19440.63,612.00
6165866,23.24,100.00,11174.29,615.00
6168866,23.24,100.00,13273.63,619.00
6171866,23.24,100.00,12204.00,622.00
6174866,23.24,100.00,12081.09,626.00
6177866,23.24,100.00,16244.38,629.00
6180866,23.24,100.00,13610.67,633.00
6183866,23.24,100.00,12880.64,635.00
6186866,23.24,100.00,12773.59,640.00
6189866,23.24,100.00,12550.74,643.00
6192866,23.24,100.00,11691.86,644.00
6195866,23.24,100.00,11904.28,652.00
6198866,23.24,100.00,15317.51,657.00
6201866,23.24,100.00,11698.75,661.00
6204866,23.24,100.00,15566.23,666.00
6207866,23.24,100.00,14229.39,671.00
6210866,23.24,100.00,13370.54,676.00
6213866,23.24,100.00,16622.57,682.00
6216866,23.24,100.00,15889.13,688.00
6219866,23.24,100.00,13005.90,693.00
6222866,23.24,100.00,15435.72,700.00
6225866,23.24,100.00,13407.54,707.00
6228866,23.24,100.00,11981.60,713.00
6231866,23.24,100.00,15120.78,719.00
6234866,23.24,100.00,12904.28,727.00
6237866,23.24,100.00,12775.74,735.00
6240866,23.24,100.00,11825.53,740.00
6243866,23.24,100.00,14172.33,748.00
6246866,23.24,100.00,11100.44,756.00
6249866,23.24,100.00,11209.74,763.00
6252866,23.24,100.00,16548.70,771.00
6255866,23.24,100.00,17445.43,778.00
6258866,23.24,100.00,16049.50,786.00
6261866,23.24,100.00,13706.15,794.00
6264866,23.24,100.00,12912.59,801.00
6267866,23.24,100.00,15725.10,810.00
6270866,23.24,100.00,13244.64,818.00
6273866,23.24,100.00,17244.24,825.00
6276866,23.24,100.00,16750.09,832.00
6279866,23.24,100.00,23155.98,842.00
6282866,23.24,100.00,18589.21,848.00
6285866,23.24,100.00,15864.92,856.00
6288866,23.24,100.00,13976.63,863.00
6291866,23.24,100.00,21330.27,870.00
6294866,23.24,100.00,15544.04,876.00
6297866,23.24,100.00,16007.75,883.00
6300866,23.24,100.00,19402.25,885.00
6303866,23.24,100.00,21893.77,892.00
6306866,23.24,100.00,21937.13,917.00
6309866,23.24,100.00,18086.80,902.00
6312866,23.24,100.00,14371.39,906.00
6315866,23.24,100.00,19036.09,909.00
6318866,23.24,100.00,24921.07,913.00
6321866,23.24,100.00,17336.84,915.00
6324866,23.24,100.00,20025.54,913.00
6327866,23.24,100.00,23798.17,919.00
6330866,23.24,100.00,27419.85,918.00
6333866,23.24,100.00,28096.22,922.00
6336866,23.24,100.00,29186.55,922.00
6339866,23.24,100.00,20533.13,923.00
6342866,23.24,100.00,26583.54,923.00
6345866,23.24,100.00,23848.94,924.00
6348866,23.24,100.00,28145.32,922.00
6351866,23.24,100.00,25581.31,921.00
6354866,23.24,100.00,19224.38,920.00
6357866,23.24,100.00,18065.96,920.00
6360866,23.24,100.00,18645.08,919.00
6363866,23.24,100.00,19830.88,917.00
6366866,23.24,100.00,23318.38,916.00
6369866,23.24,100.00,25527.67,913.00
6372866,23.24,100.00,17360.03,932.00
6375866,23.24,100.00,15423.50,907.00
6378866,23.24,100.00,22678.97,902.00
6381866,23.24,100.00,25398.12,896.00
6384866,23.24,100.00,31849.90,896.00
6387866,23.24,100.00,17335.49,893.00
6390866,23.24,100.00,21918.09,889.00
6393866,23.24,100.00,22192.77,885.00
6396866,23.24,100.00,15870.64,881.00
6399866,23.24,100.00,25871.51,862.00
6402866,23.24,100.00,19411.74,870.00
6405866,23.24,100.00,18159.29,867.00
6408866,23.24,100.00,16263.48,863.00
6411866,23.24,100.00,20388.58,853.00
6414866,23.24,100.00,25990.42,851.00
6417866,23.24,100.00,15803.19,847.00
6420866,23.24,100.00,22900.72,862.00
6423866,23.24,100.00,21975.71,857.00
6426866,23.24,100.00,22430.13,830.00
6429866,23.24,100.00,27058.99,825.00
6432866,23.24,100.00,26070.87,821.00
6435866,23.24,100.00,23094.64,815.00
6438866,23.24,100.00,19446.07,811.00
6441866,23.24,100.00,29168.79,805.00
6444866,23.24,100.00,33004.60,801.00
6447866,23.24,100.00,20915.95,797.00
6450866,23.24,100.00,18507.47,788.00
6453866,23.24,100.00,29297.73,788.00
6456866,23.24,100.00,20717.70,785.00
6459866,23.24,100.00,18894.93,781.00
6462866,23.24,100.00,15802.06,777.00
6465866,23.24,100.00,16517.57,773.00
6468866,23.24,100.00,17405.07,770.00
6471866,23.24,100.00,19285.36,752.00
6474866,23.24,100.00,24119.90,762.00
6477866,23.24,100.00,19957.23,760.00
6480866,23.24,100.00,13691.63,756.00
6483866,23.24,100.00,12716.68,753.00
6486866,23.24,100.00,14020.96,750.00
6489866,23.24,100.00,14487.95,747.00
6492866,23.24,100.00,16769.78,745.00
6495866,23.24,100.00,11637.68,742.00
6498866,23.24,100.00,12440.03,727.00
6501866,23.24,100.00,14139.58,734.00
6504866,23.24,100.00,13743.76,735.00
6507866,23.24,100.00,17005.58,733.00
6510866,23.24,100.00,18182.24,730.00
6513866,23.24,100.00,15909.35,730.00
6516866,23.24,100.00,18773.65,729.00
6519866,23.24,100.00,12887.32,727.00
6522866,23.24,100.00,18080.75,725.00
6525866,23.24,100.00,17431.94,730.00
6528866,23.24,100.00,16625.21,722.00
6531866,23.24,100.00,19952.46,721.00
6534866,23.24,100.00,13474.94,719.00
6537866,23.24,100.00,15636.77,718.00
6540866,23.24,100.00,18153.96,717.00
6543866,23.24,100.00,16873.98,715.00
6546866,23.24,100.00,12856.60,713.00
6549866,23.24,100.00,28533.83,711.00
6552866,23.24,100.00,15466.90,729.00
6555866,23.24,100.00,12440.35,708.00
6558866,23.24,100.00,12040.09,705.00
6561866,23.24,100.00,15670.97,704.00
6564866,23.24,100.00,12986.66,703.00
6567866,23.24,100.00,14182.01,702.00
6570866,23.24,100.00,18048.46,699.00
6573866,23.24,100.00,13640.40,697.00
6576866,23.24,100.00,22365.62,683.00
6579866,23.24,100.00,23690.03,693.00
6582866,23.24,100.00,19462.90,691.00
6585866,23.24,100.00,17309.06,689.00
6588866,23.24,100.00,25175.38,687.00
6591866,23.24,100.00,28926.96,683.00
6594866,23.24,100.00,21988.01,682.00
6597866,23.24,100.00,27069.46,681.00
6600866,23.24,100.00,24146.27,677.00
6603866,23.24,100.00,16868.13,676.00
6606866,23.24,100.00,23308.19,674.00
6609866,23.24,100.00,20485.23,673.00
6612866,23.24,100.00,24897.48,671.00
6615866,23.24,100.00,23330.02,669.00
6618866,23.24,100.00,21869.35,668.00
6621866,23.24,100.00,19329.80,666.00
6624866,23.24,100.00,18921.61,664.00
6627866,23.24,100.00,24613.21,663.00
6630866,23.24,100.00,16671.21,661.00
6633866,23.24,100.00,32600.41,660.00
6636866,23.24,100.00,18435.47,658.00
6639866,23.24,100.00,14390.11,657.00
6642866,23.24,100.00,17733.77,673.00
6645866,23.24,100.00,15996.50,653.00
6648866,23.24,100.00,21118.73,652.00
6651866,23.24,100.00,14908.07,650.00
6654866,23.24,100.00,14883.39,648.00
6657866,23.24,100.00,33972.92,646.00
6660866,23.24,100.00,23373.04,646.00
6663866,23.24,100.00,12848.55,642.00
6666866,23.24,100.00,24775.90,641.00
6669866,23.24,100.00,26981.20,639.00
6672866,23.24,100.00,13281.27,637.00
6675866,23.24,100.00,12101.05,635.00
6678866,23.24,100.00,19499.18,634.00
6681866,23.24,100.00,21251.33,632.00
6684866,23.24,100.00,15292.66,626.00
6687866,23.24,100.00,14715.98,628.00
6690866,23.24,100.00,22098.68,627.00
6693866,23.24,100.00,14105.11,644.00
6696866,23.24,100.00,13135.40,624.00
6699866,23.24,100.00,18072.64,622.00
6702866,23.24,100.00,13053.38,619.00
6705866,23.24,100.00,19649.92,623.00
6708866,23.24,100.00,19827.25,617.00
6711866,23.24,100.00,15791.67,615.00
6714866,23.24,100.00,16624.92,614.00
6717866,23.24,100.00,17916.30,612.00
6720866,23.24,100.00,14708.93,610.00
6723866,23.24,100.00,17963.40,605.00
6726866,23.24,100.00,15159.62,608.00
6729866,23.24,100.00,18924.48,607.00
6732866,23.24,100.00,26137.91,605.00
6735866,23.24,100.00,13261.28,604.00
6738866,23.24,100.00,23524.47,603.00
6741866,23.24,100.00,18817.13,602.00
6744866,23.24,100.00,20760.47,601.00
6747866,23.24,100.00,21612.91,601.00
6750866,23.24,100.00,15187.56,601.00
6753866,23.24,100.00,19820.13,600.00
6756866,23.24,100.00,20798.08,600.00
6759866,23.24,100.00,19007.53,601.00
6762866,23.24,100.00,22098.64,601.00
6765866,23.24,100.00,13088.25,601.00
6768866,23.24,100.00,13650.66,591.00
6771866,23.24,100.00,24996.92,604.00
6774866,23.24,100.00,18547.23,604.00
6777866,23.24,100.00,31559.19,593.00
6780866,23.24,100.00,25260.83,605.00
6783866,23.24,100.00,31771.05,607.00
6786866,23.24,100.00,26660.08,610.00
6789866,23.24,100.00,20952.60,611.00
6792866,23.24,100.00,19700.17,612.00
6795866,23.24,100.00,21242.05,614.00
6798866,23.24,100.00,16938.51,616.00
6801866,23.24,100.00,22099.92,620.00
6804866,23.24,100.00,30407.19,618.00
6807866,23.24,100.00,21231.17,624.00
6810866,23.24,100.00,15982.33,628.00
6813866,23.24,100.00,25187.12,630.00
6816866,23.24,100.00,28577.83,628.00
6819866,23.24,100.00,24719.00,636.00
6822866,23.24,100.00,23754.11,637.00
6825866,23.24,100.00,23366.88,643.00
6828866,23.24,100.00,19722.32,647.00
6831866,23.24,100.00,23412.13,638.00
6834866,23.24,100.00,35367.03,655.00
6837866,23.24,100.00,24835.20,658.00
6840866,23.24,100.00,25240.23,662.00
6843866,23.24,100.00,14484.98,667.00
6846866,23.24,100.00,14644.54,688.00
6849866,23.24,100.00,15437.87,675.00
6852866,23.24,100.00,17540.94,681.00
6855866,23.24,100.00,19200.32,685.00
6858866,23.24,100.00,12809.24,690.00
6861866,23.24,100.00,21137.55,693.00
6864866,23.24,100.00,15426.90,699.00
6867866,23.24,100.00,20914.30,705.00
6870866,23.24,100.00,16221.06,709.00
6873866,23.24,100.00,14873.28,714.00
6876866,23.24,100.00,13082.76,717.00
6879866,23.24,100.00,12595.28,723.00
6882866,23.24,100.00,35405.80,728.00
6885866,23.24,100.00,19067.50,731.00
6888866,23.24,100.00,13695.75,737.00
6891866,23.24,100.00,16897.38,739.00
6894866,23.24,100.00,21989.55,744.00
6897866,23.24,100.00,22125.75,750.00
6900866,23.24,100.00,21414.78,753.00
6903866,23.24,100.00,12279.28,757.00
6906866,23.24,100.00,17838.82,760.00
6909866,23.24,100.00,11729.86,763.00
6912866,23.24,100.00,14386.56,767.00
6915866,23.24,100.00,17264.54,768.00
6918866,23.24,100.00,12439.90,758.00
6921866,23.24,100.00,24853.25,773.00
6924866,23.24,100.00,12110.71,772.00
6927866,23.24,100.00,12780.31,778.00
6930866,23.24,100.00,22501.42,779.00
6933866,23.24,100.00,11261.63,780.00
6936866,23.24,100.00,18195.72,783.00
6939866,23.24,100.00,13425.12,784.00
6942866,23.24,100.00,21099.73,771.00
6945866,23.24,100.00,17978.90,786.00
6948866,23.24,100.00,13234.44,787.00
6951866,23.24,100.00,12186.08,787.00
6954866,23.24,100.00,19346.79,788.00
6957866,23.24,100.00,48179.18,807.00
6960866,23.24,100.00,38206.49,789.00
6963866,23.24,100.00,25975.38,806.00
6966866,23.24,100.00,11769.88,790.00
6969866,23.24,100.00,24550.28,790.00
6972866,23.24,100.00,46529.25,790.00
6975866,23.24,100.00,35271.88,790.00
6978866,23.24,100.00,30336.86,791.00
6981866,23.24,100.00,25976.18,777.00
6984866,23.24,100.00,27621.86,791.00
6987866,23.24,100.00,29548.93,791.00
6990866,23.24,100.00,29964.52,790.00
6993866,23.24,100.00,27386.26,791.00
6996866,23.24,100.00,26268.09,786.00
6999866,23.24,100.00,27682.15,790.00
7002866,23.24,100.00,23733.03,789.00
7005866,23.24,100.00,19639.53,807.00
7008866,23.24,100.00,19089.64,789.00
7011866,23.24,100.00,18311.34,774.00
7014866,23.24,100.00,13960.17,788.00
7017866,23.24,100.00,22451.66,788.00
7020866,23.24,100.00,20589.46,787.00
7023866,23.24,100.00,15753.75,786.00
7026866,23.24,100.00,17414.96,786.00
7029866,23.24,100.00,18678.83,785.00
7032866,23.24,100.00,16401.04,770.00
7035866,23.24,100.00,16996.51,784.00
7038866,23.24,100.00,24650.76,782.00
7041866,23.24,100.00,17031.37,781.00
7044866,23.24,100.00,19171.80,778.00
7047866,23.24,100.00,28646.10,778.00
7050866,23.24,100.00,18354.48,777.00
7053866,23.24,100.00,19213.71,776.00
7056866,23.24,100.00,15593.23,774.00
7059866,23.24,100.00,17161.59,760.00
7062866,23.24,100.00,13674.41,772.00
7065866,23.24,100.00,17512.28,770.00
7068866,23.24,100.00,28889.67,768.00
7071866,23.24,100.00,13794.79,767.00
7074866,23.24,100.00,20358.84,765.00
7077866,23.24,100.00,14381.03,750.00
7080866,23.24,100.00,21747.22,761.00
7083866,23.24,100.00,17709.53,760.00
7086866,23.24,100.00,13195.63,758.00
7089866,23.24,100.00,15749.98,756.00
7092866,23.24,100.00,29220.83,753.00
7095866,23.24,100.00,16942.09,752.00
7098866,23.24,100.00,18353.18,750.00
7101866,23.24,100.00,19992.21,735.00
7104866,23.24,100.00,31237.00,746.00
7107866,23.24,100.00,26367.12,743.00
7110866,23.24,100.00,26329.62,743.00
7113866,23.24,100.00,25283.39,741.00
7116866,23.24,100.00,35160.13,739.00
7119866,23.24,100.00,27281.38,737.00
7122866,23.24,100.00,19617.64,735.00
7125866,23.24,100.00,22701.65,734.00
7128866,23.24,100.00,20184.10,732.00
7131866,23.24,100.00,24170.64,736.00
7134866,23.24,100.00,16930.35,729.00
7137866,23.24,100.00,19561.30,727.00
7140866,23.24,100.00,20153.22,742.00
7143866,23.24,100.00,20471.76,724.00
7146866,23.24,100.00,38959.53,723.00
7149866,23.24,100.00,21599.09,721.00
7152866,23.24,100.00,18500.47,720.00
7155866,23.24,100.00,18430.63,719.00
7158866,23.24,100.00,20355.68,717.00
7161866,23.24,100.00,20279.41,715.00
7164866,23.24,100.00,21268.61,714.00
7167866,23.24,100.00,31980.96,714.00
7170866,23.24,100.00,31717.12,712.00
7173866,23.24,100.00,30754.71,711.00
7176866,23.24,100.00,18190.44,710.00
7179866,23.24,100.00,15039.93,709.00
7182866,23.24,100.00,28040.01,709.00
7185866,23.24,100.00,17379.13,708.00
7188866,23.24,100.00,18959.04,707.00
7191866,23.24,100.00,18541.33,707.00
7194866,23.24,100.00,14557.00,692.00
7197866,23.24,100.00,14828.72,705.00
7200866,23.24,100.00,31944.09,704.00
7203866,23.24,100.00,23315.06,704.00
7206866,23.24,100.00,26672.61,703.00
7209866,23.24,100.00,28968.10,704.00
7212866,23.24,100.00,19028.89,701.00
7215866,23.24,100.00,29302.32,704.00
7218866,23.24,100.00,15962.27,703.00
7221866,23.24,100.00,25717.98,702.00
7224866,23.24,100.00,25177.13,703.00
7227866,23.24,100.00,24915.21,704.00
7230866,23.24,100.00,31364.14,703.00
7233866,23.24,100.00,19178.20,705.00
7236866,23.24,100.00,20500.21,704.00
7239866,23.24,100.00,29212.21,704.00
7242866,23.24,100.00,24955.89,704.00
7245866,23.24,100.00,26442.06,705.00
7248866,23.24,100.00,13221.23,704.00
7251866,23.24,100.00,18816.44,706.00
7254866,23.24,100.00,18755.25,707.00
7257866,23.24,100.00,14792.64,706.00
7260866,23.24,100.00,23053.00,706.00
7263866,23.24,100.00,23018.13,707.00
7266866,23.24,100.00,26126.96,708.00
7269866,23.24,100.00,17811.34,708.00
7272866,23.24,100.00,23273.04,709.00
7275866,23.24,100.00,26425.69,710.00
7278866,23.24,100.00,24638.08,710.00
7281866,23.24,100.00,30497.90,710.00
7284866,23.24,100.00,23475.09,711.00
7287866,23.24,100.00,44343.86,712.00
7290866,23.24,100.00,28739.41,713.00
7293866,23.24,100.00,40562.84,714.00
7296866,23.24,100.00,37657.71,714.00
7299866,23.24,100.00,44545.63,716.00
7302866,23.24,100.00,41991.55,717.00
7305866,23.24,100.00,29258.93,717.00
7308866,23.24,100.00,30763.21,717.00
7311866,23.24,100.00,45543.95,711.00
7314866,23.24,100.00,37913.82,714.00
7317866,23.24,100.00,28800.89,525.00
