Timestamp,Temperature (C),Humidity (%),Sound,Light
8281649,21.83,32.73,0.00,135.00
8284649,22.11,32.83,49550.25,149.00
8287649,22.12,32.72,16467.10,147.00
8290649,22.13,32.68,17562.71,147.00
8293649,22.13,32.63,15135.57,147.00
8296649,22.13,32.57,19719.13,147.00
8299649,22.12,32.56,28863.69,146.00
8302649,22.13,32.57,19702.04,148.00
8305649,22.13,32.56,30037.30,148.00
8308649,22.12,32.27,28137.93,148.00
8311649,22.12,32.22,20323.75,153.00
8314649,22.11,32.04,26033.43,148.00
8317649,22.10,32.05,17128.43,147.00
8320649,22.09,31.99,19213.81,148.00
8323649,22.09,32.10,27026.27,147.00
8326649,22.09,31.99,18389.94,146.00
8329649,22.09,32.06,22445.68,147.00
8332649,22.08,32.05,18407.25,146.00
8335649,22.08,31.97,22378.25,147.00
8338649,22.08,31.86,28922.20,145.00
8341649,22.07,31.91,27503.83,146.00
8344649,22.06,31.92,19098.26,146.00
8347649,22.06,32.00,23354.03,146.00
8350649,22.06,32.06,24376.29,144.00
8353649,22.05,32.10,24174.55,146.00
8356649,22.06,32.03,21015.66,145.00
8359649,22.05,32.03,24572.74,146.00
8362649,22.05,31.86,22178.49,145.00
8365649,22.05,31.97,31975.32,149.00
8368649,22.04,32.02,31093.51,148.00
8371649,22.05,32.06,21080.41,146.00
8374649,22.04,32.09,21044.61,147.00
8377649,22.04,32.12,26255.48,146.00
8380649,22.04,32.11,30040.46,146.00
8383649,22.04,32.09,19261.31,146.00
8386649,22.05,32.09,15526.10,147.00
8389649,22.05,32.07,24688.77,146.00
8392649,22.04,32.01,18291.13,147.00
8395649,22.04,31.88,22374.14,148.00
8398649,22.04,31.90,21093.95,149.00
8401649,22.04,31.95,26896.92,148.00
8404649,22.03,31.93,28203.55,148.00
8407649,22.03,31.83,38986.56,147.00
8410649,22.03,31.90,33515.38,147.00
8413649,22.03,31.96,28770.24,149.00
8416649,22.03,31.99,20461.40,144.00
8419649,22.03,32.04,38966.56,146.00
8422649,22.03,32.08,21381.15,145.00
8425649,22.03,32.09,21531.56,142.00
8428649,22.04,32.08,18011.64,144.00
8431649,22.03,32.08,18919.84,142.00
8434649,22.04,32.07,15224.18,147.00
8437649,22.03,32.06,14958.44,141.00
8440649,22.03,31.96,12994.50,143.00
8443649,22.03,31.95,12378.75,146.00
8446649,22.03,31.85,10422.88,143.00
8449649,22.03,31.88,13955.10,143.00
8452649,22.02,31.88,12757.91,142.00
8455649,22.02,31.90,15467.35,143.00
8458649,22.02,31.81,14845.50,144.00
8461649,22.02,31.72,16440.86,143.00
8464649,22.01,31.70,12296.68,137.00
8467649,22.00,31.78,10682.59,141.00
8470649,22.01,31.79,12984.93,142.00
8473649,22.00,31.81,13439.00,142.00
8476649,22.01,31.86,16326.70,141.00
8479649,21.99,31.88,17985.09,141.00
8482649,21.99,31.89,14023.79,143.00
8485649,21.99,31.89,18872.88,141.00
8488649,21.99,31.87,12169.96,140.00
8491649,21.98,31.87,10232.21,141.00
8494649,21.98,31.88,21450.72,141.00
8497649,21.98,31.89,18580.47,140.00
8500649,21.97,31.82,24622.97,140.00
8503649,21.97,31.81,13133.60,141.00
8506649,21.97,31.83,12011.53,140.00
8509649,21.97,31.85,14698.02,141.00
8512649,21.96,31.87,15678.77,140.00
8515649,21.96,31.87,10815.39,141.00
8518649,21.95,31.84,14838.28,141.00
8521649,21.95,31.84,14835.00,141.00
8524649,21.95,31.80,14835.00,140.00
8527649,21.95,31.84,14835.00,140.00
8533600,21.94,31.67,0.00,144.00
8536600,21.94,31.72,14815.42,144.00
8539600,21.94,31.75,11117.54,136.00
8542600,21.93,31.80,14008.09,141.00
8545600,21.94,31.80,12682.48,140.00
8548600,21.93,31.79,11158.13,141.00
8551600,21.93,31.79,10269.07,138.00
8554600,21.93,31.80,9592.66,145.00
8557600,21.93,31.80,10175.60,146.00
8560600,21.93,31.75,8729.05,145.00
8563600,21.93,31.74,14420.77,147.00
8566600,21.92,31.72,13870.96,145.00
8569600,21.92,31.72,16919.97,146.00
8572600,21.92,31.70,14540.11,145.00
8575600,21.91,31.70,17971.06,152.00
8578600,21.91,31.73,18808.51,146.00
8581600,21.91,31.71,18716.52,149.00
8584600,21.91,31.73,10565.32,146.00
8587600,21.90,31.70,11310.48,146.00
8590600,21.90,31.71,15853.93,147.00
8593600,21.89,31.67,18233.85,147.00
8596600,21.90,31.65,18171.39,147.00
8599600,21.89,31.62,15461.33,147.00
8602600,21.88,31.47,28898.48,148.00
8605600,21.88,31.48,33954.71,146.00
8608600,21.88,31.55,26715.74,147.00
8611600,21.87,31.55,27299.14,145.00
8614600,21.87,31.53,27089.15,144.00
8617600,21.87,31.53,20112.83,143.00
8620600,21.87,31.54,29738.80,141.00
8623600,21.86,31.49,32038.02,142.00
8626600,21.86,31.55,28412.76,141.00
8629600,21.86,31.51,32283.31,139.00
8632600,21.86,31.53,13638.60,140.00
8635600,21.85,31.53,28416.43,139.00
8638600,21.85,31.49,26660.21,140.00
8641600,21.85,31.51,15974.20,139.00
8644600,21.85,31.50,33790.46,139.00
8647600,21.84,31.49,30521.09,144.00
8650600,21.84,31.48,20916.52,139.00
8653600,21.84,31.51,40819.02,134.00
8656600,21.84,31.56,32304.55,142.00
8659600,21.84,31.59,33997.29,138.00
8662600,21.84,31.65,26894.81,137.00
8665600,21.83,31.68,22045.46,135.00
8668600,21.83,31.69,22507.54,138.00
8671600,21.83,31.61,12022.53,140.00
8674600,21.83,31.59,12951.38,138.00
8677600,21.83,31.60,13256.23,138.00
8680600,21.82,31.59,13113.40,138.00
8683600,21.83,31.64,10959.99,146.00
8686600,21.82,31.71,17860.63,138.00
8689600,21.82,31.78,16510.03,138.00
8692600,21.82,31.81,11958.07,144.00
8695600,21.81,31.84,16534.96,138.00
8698600,21.80,31.86,15466.63,131.00
8701600,21.80,31.86,14861.11,136.00
8704600,21.80,31.84,14786.70,137.00
8707600,21.80,31.84,12487.34,136.00
8710600,21.80,31.87,13252.50,135.00
8713600,21.79,31.90,15606.40,134.00
8716600,21.79,31.93,15818.20,137.00
8719600,21.79,31.95,15814.62,139.00
8722600,21.78,31.93,17871.63,134.00
8725600,21.78,31.95,16364.14,133.00
8728600,21.78,31.95,11397.86,137.00
8731600,21.78,31.94,14431.70,134.00
8734600,21.77,31.92,12810.63,137.00
8737600,21.78,31.93,11184.63,133.00
8740600,21.78,31.84,14961.87,135.00
8743600,21.77,31.87,12094.96,139.00
8746600,21.77,31.85,16579.82,142.00
8749600,21.77,31.85,13606.43,138.00
8752600,21.77,31.84,14585.23,138.00
8755600,21.77,31.82,25450.90,137.00
8758600,21.76,31.85,22022.07,139.00
8761600,21.75,31.89,13984.82,138.00
8764600,21.75,31.86,12222.88,139.00
8767600,21.75,31.88,13132.94,138.00
8770600,21.75,31.86,14879.08,139.00
8773600,21.75,31.85,21895.72,140.00
8776600,21.75,31.84,17538.59,138.00
8779600,21.74,31.83,21140.06,139.00
8782600,21.74,31.83,26522.61,134.00
8785600,21.74,31.83,15243.33,139.00
8788600,21.74,31.80,15034.97,138.00
8791600,21.73,31.80,13412.76,139.00
8794600,21.73,31.80,11638.17,138.00
8797600,21.74,31.80,12100.25,137.00
8800600,21.74,31.76,8890.94,138.00
8803600,21.73,31.70,10457.01,140.00
8806600,21.74,31.73,12238.72,142.00
8809600,21.73,31.70,10132.99,138.00
8812600,21.74,31.68,11385.81,137.00
8815600,21.74,31.57,9530.23,133.00
8818600,21.73,31.60,10001.68,144.00
8821600,21.73,31.63,11661.47,138.00
8824600,21.73,31.69,9925.84,138.00
8827600,21.73,31.70,15687.69,139.00
8830600,21.73,31.71,11793.86,137.00
8833600,21.73,31.73,10844.77,138.00
8836600,21.72,31.73,11036.12,144.00
8839600,21.73,31.74,14622.76,137.00
8842600,21.73,31.74,11699.25,140.00
8845600,21.72,31.62,12038.28,138.00
8848600,21.72,31.65,12352.80,138.00
8851600,21.73,31.68,16391.18,137.00
8854600,21.72,31.69,11801.78,137.00
8857600,21.72,31.64,15632.86,142.00
8860600,21.70,31.65,12814.71,137.00
8863600,21.71,31.69,12813.57,137.00
8866600,21.70,31.72,17989.63,136.00
8869600,21.71,31.74,26365.30,136.00
8872600,21.71,31.68,13726.02,136.00
8875600,21.71,31.58,16678.77,136.00
8878600,21.70,31.54,14619.72,136.00
8881600,21.70,31.60,23422.58,139.00
8884600,21.70,31.63,16517.51,136.00
8887600,21.70,31.63,18662.15,131.00
8890600,21.70,31.64,15146.95,134.00
8893600,21.69,31.61,25039.31,136.00
8896600,21.69,31.61,20776.29,136.00
8899600,21.69,31.60,30641.78,135.00
8902600,21.69,31.60,21282.88,135.00
8905600,21.68,31.60,23269.21,129.00
8908600,21.69,31.63,18227.99,130.00
8911600,21.68,31.64,15114.42,135.00
8914600,21.68,31.61,18285.43,134.00
8917600,21.68,31.62,14182.96,138.00
8920600,21.66,31.50,24342.29,135.00
8923600,21.67,31.52,21901.52,134.00
8926600,21.66,31.48,26515.80,132.00
8929600,21.66,31.38,19549.78,135.00
8932600,21.66,31.44,23860.48,142.00
8935600,21.66,31.43,23123.40,136.00
8938600,21.65,31.39,22166.85,138.00
8941600,21.66,31.43,23209.49,135.00
8944600,21.66,31.43,24827.60,134.00
8947600,21.65,31.44,9982.26,132.00
8950600,21.65,31.47,10284.50,134.00
8953600,21.65,31.46,12587.05,133.00
8956600,21.65,31.49,16595.13,134.00
8959600,21.65,31.45,12260.34,135.00
8962600,21.66,31.44,15094.20,135.00
8965600,21.65,31.44,22269.15,135.00
8968600,21.65,31.46,16596.79,129.00
8971600,21.65,31.44,13286.79,139.00
8974600,21.64,31.45,18935.59,134.00
8977600,21.65,31.40,16237.29,133.00
8980600,21.65,31.40,18095.47,143.00
8983600,21.65,31.40,14349.35,136.00
8986600,21.65,31.45,21039.81,132.00
8989600,21.65,31.45,17815.08,132.00
8992600,21.65,31.44,19088.50,133.00
8995600,21.65,31.45,16857.68,132.00
8998600,21.65,31.43,30580.79,132.00
9001600,21.65,31.46,27528.25,127.00
9004600,21.65,31.45,20451.99,132.00
9007600,21.65,31.49,15760.78,132.00
9010600,21.65,31.47,18392.68,132.00
9013600,21.65,31.41,17619.60,133.00
9016600,21.65,31.43,17012.29,132.00
9019600,21.65,31.46,26304.20,133.00
9022600,21.65,31.47,17098.17,141.00
9025600,21.65,31.47,21392.50,131.00
9028600,21.65,31.50,14473.32,132.00
9031600,21.64,31.45,14553.23,131.00
9034600,21.65,31.46,13177.35,131.00
9037600,21.64,31.38,12884.70,131.00
9040600,21.65,31.44,12756.93,132.00
9043600,21.64,31.46,13814.18,136.00
9046600,21.64,31.44,15892.79,131.00
9049600,21.64,31.39,30076.33,131.00
9052600,21.64,31.41,18751.80,131.00
9055600,21.64,31.39,26590.95,131.00
9058600,21.64,31.38,46808.16,132.00
9061600,21.64,31.41,20335.04,131.00
9064600,21.64,31.45,19665.07,130.00
9067600,21.63,31.42,25313.59,130.00
9070600,21.63,31.42,16544.89,132.00
9073600,21.64,31.46,27393.09,132.00
9076600,21.63,31.44,24963.34,131.00
9079600,21.63,31.45,20292.41,130.00
9082600,21.63,31.41,23898.27,131.00
9085600,21.63,31.40,24411.55,135.00
9088600,21.63,31.44,17950.30,136.00
9091600,21.63,31.36,27776.39,132.00
9094600,21.62,31.35,28995.24,131.00
9097600,21.62,31.33,25636.11,130.00
9100600,21.62,31.33,23265.57,138.00
9103600,21.62,31.31,23257.13,132.00
9106600,21.63,31.33,22857.00,132.00
9109600,21.62,31.34,13207.18,133.00
9112600,21.62,31.36,32560.44,135.00
9115600,21.62,31.36,22228.31,135.00
9118600,21.63,31.40,22621.41,136.00
9121600,21.62,31.40,16005.67,133.00
9124600,21.62,31.39,18986.46,140.00
9127600,21.62,31.36,16414.22,137.00
9130600,21.62,31.33,25931.15,132.00
9133600,21.62,31.35,18139.43,131.00
9136600,21.62,31.37,10439.36,132.00
9139600,21.62,31.37,30203.11,142.00
9142600,21.62,31.40,38870.72,134.00
9145600,21.62,31.36,31082.81,131.00
9148600,21.61,31.37,14276.62,132.00
9151600,21.61,31.37,12401.45,134.00
9154600,21.61,31.42,10381.53,134.00
9157600,21.61,31.42,26256.87,127.00
9160600,21.60,31.47,22502.66,128.00
9163600,21.59,31.47,19389.57,128.00
9166600,21.59,31.43,19852.13,126.00
9169600,21.59,31.45,29471.81,127.00
9172600,21.58,31.43,18810.66,126.00
9175600,21.58,31.41,12800.18,128.00
9178600,21.58,31.40,17627.45,128.00
9181600,21.58,31.37,13172.91,128.00
9184600,21.58,31.37,19614.02,127.00
9187600,21.58,31.36,16720.88,129.00
9190600,21.58,31.38,9537.75,131.00
9193600,21.59,31.46,24919.23,130.00
9196600,21.59,31.48,14979.76,129.00
9199600,21.59,31.48,11981.42,132.00
9202600,21.59,31.46,19000.36,130.00
9205600,21.59,31.48,13610.66,131.00
9208600,21.59,31.43,27641.84,130.00
9211600,21.59,31.42,8157.45,132.00
9214600,21.59,31.42,35399.45,130.00
9217600,21.60,31.41,15348.21,130.00
9220600,21.59,31.45,30962.03,125.00
9223600,21.58,31.43,17167.89,130.00
9226600,21.59,31.47,15118.29,129.00
9229600,21.59,31.47,16269.68,130.00
9232600,21.59,31.48,11472.38,130.00
9235600,21.59,31.51,16479.45,129.00
9238600,21.60,31.50,18652.10,127.00
9241600,21.58,31.42,11106.11,129.00
9244600,21.59,31.40,12868.61,130.00
9247600,21.59,31.42,24448.32,131.00
9250600,21.58,31.38,17314.42,129.00
9253600,21.58,31.43,11665.34,129.00
9256600,21.58,31.45,10083.56,133.00
9259600,21.58,31.50,14932.68,130.00
9262600,21.58,31.53,14970.86,129.00
9265600,21.58,31.56,12299.54,129.00
9268600,21.58,31.58,26021.86,131.00
9271600,21.58,31.61,15329.86,129.00
9274600,21.58,31.63,13970.56,155.00
9277600,21.58,31.63,20255.76,129.00
9280600,21.57,31.65,27783.72,129.00
9283600,21.57,31.64,21515.23,128.00
9286600,21.57,31.63,31013.21,132.00
9289600,21.57,31.63,21702.38,129.00
9292600,21.57,31.62,14742.15,127.00
9295600,21.56,31.62,23890.51,131.00
9298600,21.56,31.55,13122.46,129.00
9301600,21.57,31.57,11556.43,128.00
9304600,21.57,31.51,11470.51,127.00
9307600,21.57,31.49,10075.84,128.00
9310600,21.57,31.47,11579.65,127.00
9313600,21.57,31.46,8463.70,129.00
9316600,21.57,31.48,10482.55,129.00
9319600,21.57,31.48,10479.85,128.00
9322600,21.58,31.49,10479.85,127.00
9325600,21.57,31.51,10479.85,127.00
9332097,21.55,31.50,0.00,130.00
9335097,21.56,31.53,9417.93,129.00
9338097,21.56,31.55,14828.29,126.00
9341097,21.57,31.57,11198.67,128.00
9344097,21.56,31.59,14796.72,127.00
9347097,21.56,31.60,14719.20,129.00
9350097,21.57,31.57,11690.53,128.00
9353097,21.57,31.55,20804.85,130.00
9356097,21.57,31.57,13716.35,128.00
9359097,21.57,31.54,17330.56,128.00
9362097,21.57,31.57,15302.00,127.00
9365097,21.58,31.59,17028.71,132.00
9368097,21.57,31.62,19439.85,126.00
9371097,21.57,31.63,13632.81,126.00
9374097,21.57,31.63,8654.67,124.00
9377097,21.57,31.63,8927.29,125.00
9380097,21.58,31.63,19973.68,127.00
9383097,21.57,31.62,12156.08,126.00
9386097,21.58,31.62,23395.69,125.00
9389097,21.57,31.64,12640.46,125.00
9392097,21.58,31.64,11827.55,127.00
9395097,21.58,31.63,21291.60,126.00
9398097,21.58,31.63,36738.27,125.00
9401097,21.58,31.64,14129.06,124.00
9404097,21.58,31.61,21050.15,120.00
9407097,21.58,31.64,21988.15,123.00
9410097,21.58,31.65,21194.32,125.00
9413097,21.57,31.60,24019.11,126.00
9416097,21.57,31.60,24707.91,124.00
9419097,21.56,31.63,29116.62,126.00
9422097,21.56,31.58,20364.55,125.00
9425097,21.56,31.60,15766.61,125.00
9428097,21.56,31.63,13425.06,131.00
9431097,21.56,31.63,18192.02,125.00
9434097,21.56,31.64,20644.22,130.00
9437097,21.56,31.64,35836.56,124.00
9440097,21.57,31.65,48719.79,123.00
9443097,21.56,31.64,49415.34,122.00
9446097,21.56,31.64,14024.53,122.00
9449097,21.56,31.62,11596.45,122.00
9452097,21.56,31.58,19019.06,123.00
9455097,21.56,31.58,15328.29,116.00
9458097,21.56,31.58,12331.62,122.00
9461097,21.56,31.54,9393.46,123.00
9464097,21.55,31.57,9940.04,126.00
9467097,21.55,31.59,21369.21,122.00
9470097,21.56,31.63,16867.13,125.00
9473097,21.56,31.67,24869.94,127.00
9476097,21.56,31.68,19754.61,123.00
9479097,21.56,31.67,7787.62,123.00
9482097,21.55,31.68,9649.24,123.00
9485097,21.55,31.69,8726.33,123.00
9488097,21.55,31.69,11686.03,123.00
9491097,21.55,31.70,9110.90,122.00
9494097,21.55,31.71,8565.92,121.00
9497097,21.55,31.71,20730.39,121.00
9500097,21.55,31.73,9012.08,120.00
9503097,21.55,31.73,9654.28,119.00
9506097,21.54,31.71,9328.48,118.00
9509097,21.54,31.71,11649.97,121.00
9512097,21.54,31.70,12671.72,117.00
9515097,21.54,31.71,9665.71,118.00
9518097,21.54,31.59,8032.06,117.00
9521097,21.54,31.63,9702.01,117.00
9524097,21.54,31.62,10067.17,117.00
9527097,21.54,31.64,9241.66,118.00
9530097,21.54,31.65,10315.34,117.00
9533097,21.53,31.68,11708.93,117.00
9536097,21.54,31.68,16433.45,122.00
9539097,21.54,31.68,13262.93,119.00
9542097,21.54,31.69,31032.20,119.00
9545097,21.54,31.68,15610.88,119.00
9548097,21.53,31.65,22743.87,119.00
9551097,21.53,31.68,18768.87,120.00
9554097,21.53,31.64,27080.03,120.00
9557097,21.53,31.57,22457.68,122.00
9560097,21.53,31.54,28082.14,114.00
9563097,21.53,31.60,33937.42,119.00
9566097,21.53,31.63,23458.36,120.00
9569097,21.53,31.60,29844.54,120.00
9572097,21.53,31.54,19418.22,120.00
9575097,21.52,31.56,24726.12,119.00
9578097,21.52,31.58,23196.68,120.00
9581097,21.52,31.58,26001.55,122.00
9584097,21.52,31.55,16508.36,121.00
9587097,21.52,31.58,23192.88,121.00
9590097,21.52,31.60,17393.60,121.00
9593097,21.52,31.61,11994.76,121.00
9596097,21.52,31.59,14989.03,121.00
9599097,21.52,31.60,18215.50,120.00
9602097,21.52,31.61,14584.06,121.00
9605097,21.52,31.61,13254.73,120.00
9608097,21.52,31.56,18475.14,121.00
9611097,21.51,31.50,17694.88,121.00
9614097,21.51,31.53,19683.73,122.00
9617097,21.52,31.50,23885.75,120.00
9620097,21.51,31.48,14699.41,121.00
9623097,21.51,31.49,14140.72,120.00
9626097,21.51,31.53,18647.73,123.00
9629097,21.51,31.51,17897.68,122.00
9632097,21.51,31.53,19511.45,121.00
9635097,21.51,31.58,23829.81,122.00
9638097,21.51,31.59,19990.15,117.00
9641097,21.51,31.55,16280.79,121.00
9644097,21.52,31.58,13274.60,122.00
9647097,21.52,31.60,15848.40,121.00
9650097,21.52,31.61,16130.47,121.00
9653097,21.51,31.59,19631.68,123.00
9656097,21.52,31.62,20073.05,121.00
9659097,21.51,31.62,19906.61,121.00
9662097,21.51,31.67,23791.53,124.00
9665097,21.50,31.70,20831.50,123.00
9668097,21.50,31.70,24666.34,124.00
9671097,21.50,31.71,16767.71,122.00
9674097,21.51,31.71,16636.00,122.00
9677097,21.50,31.69,17698.14,123.00
9680097,21.50,31.67,13927.52,123.00
9683097,21.50,31.67,12204.75,121.00
9686097,21.49,31.71,19517.52,123.00
9689097,21.49,31.71,22490.95,122.00
9692097,21.50,31.72,19417.71,126.00
9695097,21.49,31.72,18946.67,122.00
9698097,21.49,31.75,30199.13,122.00
9701097,21.49,31.77,22921.52,122.00
9704097,21.49,31.77,14801.70,121.00
9707097,21.49,31.78,17473.87,123.00
9710097,21.48,31.77,18813.34,122.00
9713097,21.48,31.73,16506.47,123.00
9716097,21.48,31.67,10888.05,121.00
9719097,21.48,31.67,20779.30,122.00
9722097,21.47,31.70,16495.56,122.00
9725097,21.48,31.73,15620.28,122.00
9728097,21.47,31.76,12775.59,121.00
9731097,21.46,31.77,13359.05,121.00
9734097,21.47,31.77,13218.43,122.00
9737097,21.46,31.78,13781.13,122.00
9740097,21.46,31.81,14779.78,122.00
9743097,21.46,31.83,16850.90,123.00
9746097,21.46,31.88,15065.12,122.00
9749097,21.46,31.89,17191.50,122.00
9752097,21.46,31.87,14095.54,123.00
9755097,21.47,31.87,15090.65,122.00
9758097,21.47,31.88,22129.08,122.00
9761097,21.47,31.89,15937.64,123.00
9764097,21.47,31.88,21630.91,122.00
9767097,21.47,31.86,14685.06,121.00
9770097,21.47,31.84,12932.32,122.00
9773097,21.46,31.84,16621.91,122.00
9776097,21.46,31.87,14804.44,123.00
9779097,21.46,31.86,17803.67,123.00
9782097,21.46,31.85,15883.76,123.00
9785097,21.46,31.87,21499.48,122.00
9788097,21.46,31.87,22648.37,121.00
9791097,21.47,31.87,18305.17,122.00
9794097,21.46,31.88,18351.09,122.00
9797097,21.47,31.88,30371.22,121.00
9800097,21.47,31.86,18821.35,117.00
9803097,21.46,31.79,17060.15,116.00
9806097,21.46,31.68,21683.40,115.00
9809097,21.46,31.65,24425.65,113.00
9812097,21.46,31.68,37035.50,112.00
9815097,21.46,31.72,15374.90,111.00
9818097,21.45,31.74,20056.20,110.00
9821097,21.45,31.77,16542.45,109.00
9824097,21.45,31.79,13410.84,107.00
9827097,21.45,31.80,14290.98,106.00
9830097,21.45,31.73,11648.88,106.00
9833097,21.44,31.69,10924.90,104.00
9836097,21.44,31.68,10573.72,104.00
9839097,21.44,31.68,15692.57,104.00
9842097,21.44,31.67,14943.68,107.00
9845097,21.44,31.62,11619.05,102.00
9848097,21.44,31.67,12667.75,104.00
9851097,21.43,31.69,11549.87,104.00
9854097,21.43,31.64,13553.49,105.00
9857097,21.43,31.63,15926.27,104.00
9860097,21.43,31.67,20122.74,105.00
9863097,21.43,31.71,14147.71,107.00
9866097,21.43,31.72,23770.74,104.00
9869097,21.43,31.74,19220.92,104.00
9872097,21.43,31.75,21870.22,105.00
9875097,21.42,31.77,23627.45,103.00
9878097,21.42,31.78,15384.18,104.00
9881097,21.42,31.72,21970.39,107.00
9884097,21.41,31.68,12876.69,106.00
9887097,21.41,31.72,16778.08,110.00
9890097,21.42,31.74,16004.50,105.00
9893097,21.41,31.77,9343.64,104.00
9896097,21.42,31.78,12339.47,112.00
9899097,21.42,31.78,19527.37,102.00
9902097,21.42,31.78,10028.07,107.00
9905097,21.42,31.80,21488.01,108.00
9908097,21.41,31.80,19495.43,107.00
9911097,21.42,31.80,28143.89,105.00
9914097,21.42,31.79,11719.66,103.00
9917097,21.42,31.75,10860.92,111.00
9920097,21.41,31.77,20082.91,112.00
9923097,21.41,31.74,17623.94,113.00
9926097,21.40,31.74,9436.53,114.00
9929097,21.41,31.74,22041.31,117.00
9932097,21.41,31.74,14873.40,118.00
9935097,21.42,31.74,31818.49,122.00
9938097,21.41,31.75,28059.23,120.00
9941097,21.41,31.75,10498.57,120.00
9944097,21.41,31.74,15067.56,120.00
9947097,21.41,31.73,15248.79,122.00
9950097,21.41,31.73,9850.57,121.00
9953097,21.41,31.70,13857.29,121.00
9956097,21.41,31.72,9824.08,123.00
9959097,21.41,31.75,9635.34,121.00
9962097,21.41,31.75,18164.76,121.00
9965097,21.41,31.73,23639.26,120.00
9968097,21.41,31.70,16932.81,121.00
9971097,21.41,31.67,20993.56,121.00
9974097,21.41,31.68,14659.48,122.00
9977097,21.40,31.70,19177.07,121.00
9980097,21.40,31.73,28511.53,122.00
9983097,21.40,31.70,15424.38,124.00
9986097,21.40,31.72,24293.68,121.00
9989097,21.41,31.73,39896.49,121.00
9992097,21.41,31.70,15931.19,121.00
9995097,21.41,31.66,21401.02,121.00
9998097,21.40,31.61,27403.99,121.00
10001097,21.40,31.62,23017.26,124.00
10004097,21.40,31.65,22932.57,122.00
10007097,21.40,31.68,20640.04,123.00
10010097,21.40,31.68,11453.75,121.00
10013097,21.41,31.67,16139.21,122.00
10016097,21.41,31.68,19659.02,124.00
10019097,21.40,31.69,27798.95,121.00
10022097,21.41,31.68,30337.33,121.00
10025097,21.41,31.61,11386.47,121.00
10028097,21.41,31.63,12892.93,126.00
10031097,21.41,31.61,22474.05,120.00
10034097,21.40,31.62,25184.01,122.00
10037097,21.40,31.61,18501.98,121.00
10040097,21.41,31.61,18270.40,122.00
10043097,21.41,31.58,25553.46,121.00
10046097,21.41,31.62,23295.43,123.00
10049097,21.41,31.63,27344.84,121.00
10052097,21.41,31.66,16966.51,122.00
10055097,21.42,31.64,19600.59,120.00
10058097,21.41,31.61,16703.11,122.00
10061097,21.41,31.62,19955.26,121.00
10064097,21.42,31.63,16878.80,122.00
10067097,21.41,31.63,16714.14,121.00
10070097,21.41,31.64,23741.42,122.00
10073097,21.41,31.63,17563.09,120.00
10076097,21.41,31.61,21441.33,121.00
10079097,21.41,31.59,16463.84,124.00
10082097,21.41,31.61,13318.30,121.00
10085097,21.41,31.59,23219.45,121.00
10088097,21.40,31.61,26031.44,121.00
10091097,21.40,31.64,15009.11,121.00
10094097,21.40,31.67,16904.41,122.00
10097097,21.41,31.67,10379.00,122.00
10100097,21.41,31.67,9592.34,120.00
10103097,21.40,31.65,19819.65,117.00
10106097,21.40,31.59,17098.20,121.00
10109097,21.41,31.59,13019.16,121.00
10112097,21.40,31.59,17221.70,122.00
10115097,21.40,31.59,29505.09,121.00
10118097,21.40,31.58,13670.19,122.00
10121097,21.40,31.58,16713.42,124.00
10124097,21.40,31.59,19283.74,121.00
10127097,21.40,31.58,14094.59,121.00
10130097,21.40,31.57,19062.97,123.00
10133097,21.40,31.52,13851.75,121.00
10136097,21.40,31.56,20537.42,121.00
10139097,21.40,31.54,24695.39,121.00
10142097,21.40,31.52,22100.12,117.00
10145097,21.40,31.51,27571.93,121.00
10148097,21.40,31.47,24277.25,121.00
10151097,21.40,31.47,16782.17,116.00
10154097,21.40,31.51,17900.16,123.00
10157097,21.40,31.51,18567.31,122.00
10160097,21.39,31.51,23772.19,121.00
10163097,21.38,31.49,20795.82,121.00
10166097,21.39,31.52,16010.75,121.00
10169097,21.39,31.55,21574.85,121.00
10172097,21.38,31.58,20703.17,122.00
10175097,21.38,31.54,24380.88,121.00
10178097,21.38,31.55,25070.12,122.00
10181097,21.38,31.54,18625.94,121.00
10184097,21.38,31.51,19964.11,122.00
10187097,21.38,31.53,21924.29,122.00
10190097,21.38,31.55,22557.61,122.00
10193097,21.38,31.58,19466.44,122.00
10196097,21.38,31.59,26393.45,121.00
10199097,21.39,31.58,30578.83,122.00
10202097,21.39,31.59,29114.11,120.00
10205097,21.39,31.55,27937.15,118.00
10208097,21.39,31.53,16654.91,122.00
10211097,21.39,31.53,21184.74,113.00
10214097,21.39,31.55,19688.47,118.00
10217097,21.39,31.55,16622.63,119.00
10220097,21.39,31.56,22238.33,118.00
10223097,21.39,31.53,18463.02,119.00
10226097,21.39,31.51,19055.13,120.00
10229097,21.39,31.53,21485.62,118.00
10232097,21.39,31.53,21063.01,120.00
10235097,21.39,31.54,20178.46,121.00
10238097,21.39,31.55,27683.66,117.00
10241097,21.39,31.55,22618.81,120.00
10244097,21.39,31.54,23077.68,120.00
10247097,21.39,31.54,13993.28,121.00
10250097,21.39,31.52,26886.73,119.00
10253097,21.39,31.51,15848.23,120.00
10256097,21.39,31.49,24638.19,120.00
10259097,21.39,31.48,22932.52,119.00
10262097,21.39,31.47,21235.32,120.00
10265097,21.39,31.48,23016.46,119.00
10268097,21.39,31.48,20664.79,120.00
10271097,21.39,31.43,31594.56,120.00
10274097,21.39,31.36,29280.89,119.00
10277097,21.39,31.38,24168.90,120.00
10280097,21.38,31.43,24433.32,118.00
10283097,21.38,31.43,30741.06,117.00
10286097,21.38,31.37,25513.29,117.00
10289097,21.38,31.37,30810.09,117.00
10292097,21.38,31.37,31193.53,119.00
10295097,21.38,31.38,33483.05,118.00
10298097,21.38,31.42,24960.11,133.00
10301097,21.38,31.44,17602.95,118.00
10304097,21.38,31.44,21377.02,117.00
10307097,21.39,31.44,20817.36,118.00
10310097,21.38,31.44,16183.54,117.00
10313097,21.38,31.46,16877.26,117.00
10316097,21.38,31.47,15125.95,116.00
10319097,21.38,31.49,14792.59,114.00
10322097,21.38,31.47,15217.84,116.00
10325097,21.39,31.41,18745.16,111.00
10328097,21.38,31.39,15482.54,118.00
10331097,21.38,31.44,14356.31,119.00
10334097,21.38,31.47,13959.55,119.00
10337097,21.38,31.46,26401.29,120.00
10340097,21.38,31.38,14720.71,120.00
10343097,21.38,31.42,17456.66,120.00
10346097,21.38,31.41,15157.96,117.00
10349097,21.38,31.41,18732.38,116.00
10352097,21.38,31.44,25476.43,115.00
10355097,21.39,31.44,29034.82,114.00
10358097,21.39,31.39,21691.88,115.00
10361097,21.39,31.44,28362.37,114.00
10364097,21.38,31.43,22926.98,111.00
10367097,21.38,31.43,28641.21,115.00
10370097,21.39,31.46,32938.50,116.00
10373097,21.38,31.47,31266.80,116.00
10376097,21.38,31.49,25420.19,117.00
10379097,21.39,31.51,26391.99,122.00
10382097,21.39,31.51,31136.98,117.00
10385097,21.39,31.51,35829.03,116.00
10388097,21.39,31.51,21703.04,118.00
10391097,21.39,31.51,17997.77,119.00
10394097,21.39,31.51,16890.93,116.00
10397097,21.39,31.51,24854.45,115.00
10400097,21.38,31.51,36159.36,114.00
10403097,21.38,31.53,24879.05,115.00
10406097,21.39,31.53,35003.96,109.00
10409097,21.39,31.53,36261.19,108.00
10412097,21.38,31.48,32908.41,108.00
10415097,21.38,31.49,39024.62,106.00
10418097,21.38,31.48,26994.35,105.00
10421097,21.38,31.47,22117.60,105.00
10424097,21.38,31.48,24556.25,104.00
10427097,21.38,31.48,25321.29,104.00
10430097,21.38,31.49,23349.20,107.00
10433097,21.37,31.48,29825.03,104.00
10436097,21.37,31.48,24413.42,104.00
10439097,21.37,31.50,19430.39,102.00
10442097,21.37,31.50,22926.13,104.00
10445097,21.37,31.50,34878.26,104.00
10448097,21.37,31.50,18906.49,105.00
10451097,21.37,31.49,14101.16,104.00
10454097,21.36,31.48,15844.30,106.00
10457097,21.36,31.47,21484.13,105.00
10460097,21.37,31.48,29996.97,105.00
10463097,21.36,31.47,33162.07,109.00
10466097,21.36,31.44,29050.02,105.00
10469097,21.36,31.45,20289.93,104.00
10472097,21.36,31.41,17201.17,106.00
10475097,21.36,31.40,18087.46,106.00
10478097,21.36,31.41,33132.98,106.00
10481097,21.36,31.41,34023.18,109.00
10484097,21.36,31.42,19614.66,106.00
10487097,21.35,31.43,22523.95,107.00
10490097,21.36,31.43,17942.37,110.00
10493097,21.36,31.47,25264.44,110.00
10496097,21.36,31.47,15288.00,110.00
10499097,21.36,31.48,18419.45,113.00
10502097,21.35,31.50,25037.89,113.00
10505097,21.35,31.52,14440.89,114.00
10508097,21.35,31.52,17902.12,117.00
10511097,21.35,31.53,19525.62,119.00
10514097,21.35,31.54,19232.05,116.00
10517097,21.36,31.53,27642.31,117.00
10520097,21.36,31.53,21624.30,118.00
10523097,21.35,31.53,20935.74,118.00
10526097,21.35,31.55,24539.52,123.00
10529097,21.35,31.58,32541.42,122.00
10532097,21.36,31.58,25038.89,120.00
10535097,21.35,31.58,26978.95,124.00
10538097,21.35,31.56,23200.94,121.00
10541097,21.35,31.58,18730.25,121.00
10544097,21.35,31.59,29804.50,128.00
10547097,21.35,31.60,36715.02,121.00
10550097,21.35,31.60,39169.37,123.00
10553097,21.35,31.60,32283.72,120.00
10556097,21.34,31.61,22598.32,122.00
10559097,21.34,31.63,16848.05,122.00
10562097,21.34,31.63,21808.82,121.00
10565097,21.34,31.64,17408.48,122.00
10568097,21.34,31.64,23674.93,122.00
10571097,21.34,31.64,24228.89,121.00
10574097,21.34,31.64,16781.41,121.00
10577097,21.35,31.65,15205.30,122.00
10580097,21.35,31.65,14876.24,122.00
10583097,21.35,31.66,17661.29,122.00
10586097,21.35,31.66,12442.34,124.00
10589097,21.34,31.65,14007.78,122.00
10592097,21.35,31.64,13917.14,121.00
10595097,21.34,31.64,8781.83,122.00
10598097,21.35,31.64,10665.19,120.00
10601097,21.35,31.66,14276.92,122.00
10604097,21.34,31.65,13739.61,122.00
10607097,21.34,31.66,12674.67,122.00
10610097,21.34,31.67,12448.18,121.00
10613097,21.34,31.66,14684.84,121.00
10616097,21.35,31.65,14817.45,122.00
10619097,21.34,31.66,15289.07,122.00
10622097,21.35,31.64,18623.56,122.00
10625097,21.34,31.61,15606.18,116.00
10628097,21.34,31.62,17555.77,122.00
10631097,21.34,31.64,15633.58,122.00
10634097,21.33,31.64,22456.31,123.00
10637097,21.33,31.65,16528.82,123.00
10640097,21.33,31.62,14250.68,121.00
10643097,21.33,31.60,13819.64,122.00
10646097,21.33,31.62,15517.47,124.00
10649097,21.33,31.64,14088.34,122.00
10652097,21.33,31.65,13747.49,123.00
10655097,21.34,31.64,12448.01,122.00
10658097,21.34,31.64,15182.28,122.00
10661097,21.34,31.64,11192.54,122.00
10664097,21.34,31.65,20742.38,123.00
10667097,21.33,31.64,14090.27,123.00
10670097,21.34,31.64,13375.75,124.00
10673097,21.34,31.62,14025.55,125.00
10676097,21.34,31.62,12373.28,124.00
10679097,21.33,31.64,11247.46,122.00
10682097,21.33,31.65,27631.77,125.00
10685097,21.33,31.69,29538.63,124.00
10688097,21.33,31.67,28339.98,125.00
10691097,21.33,31.69,45863.28,125.00
10694097,21.34,31.69,12789.65,124.00
10697097,21.34,31.67,24120.00,128.00
10700097,21.33,31.64,17006.58,123.00
10703097,21.33,31.60,23281.37,125.00
10706097,21.33,31.60,12773.41,124.00
10709097,21.33,31.62,12366.23,123.00
10712097,21.33,31.62,13497.02,123.00
10715097,21.33,31.60,14249.87,126.00
10718097,21.33,31.60,17932.46,117.00
10721097,21.33,31.59,20969.00,123.00
10724097,21.33,31.59,22739.93,123.00
10727097,21.33,31.56,13773.08,122.00
10730097,21.33,31.59,19421.26,122.00
10733097,21.33,31.62,11505.14,122.00
10736097,21.33,31.64,17510.83,122.00
10739097,21.32,31.66,26745.37,122.00
10742097,21.32,31.70,24563.09,123.00
10745097,21.32,31.71,15221.88,125.00
10748097,21.32,31.72,23939.74,123.00
10751097,21.32,31.72,18021.16,122.00
10754097,21.32,31.72,24959.44,122.00
10757097,21.32,31.73,18179.50,122.00
10760097,21.32,31.72,17409.60,121.00
10763097,21.32,31.75,16923.10,125.00
10766097,21.31,31.77,22548.85,122.00
10769097,21.32,31.75,26562.00,122.00
10772097,21.32,31.72,11897.33,123.00
10775097,21.32,31.70,15073.40,121.00
10778097,21.31,31.65,12121.29,124.00
10781097,21.31,31.64,11040.28,124.00
10784097,21.32,31.66,9877.70,127.00
10787097,21.31,31.65,11600.74,122.00
10790097,21.31,31.62,12036.28,127.00
10793097,21.31,31.64,21332.79,122.00
10796097,21.31,31.66,13580.65,122.00
10799097,21.31,31.68,15585.24,122.00
10802097,21.31,31.68,13141.67,123.00
10805097,21.32,31.67,14414.92,123.00
10808097,21.31,31.67,14999.26,122.00
10811097,21.31,31.66,17123.82,124.00
10814097,21.31,31.66,15575.22,125.00
10817097,21.31,31.67,15180.37,122.00
10820097,21.32,31.69,13007.29,122.00
10823097,21.32,31.69,11745.07,127.00
10826097,21.32,31.66,14991.63,127.00
10829097,21.32,31.64,11355.01,124.00
10832097,21.32,31.60,11447.40,124.00
10835097,21.32,31.59,15023.55,123.00
10838097,21.32,31.61,18727.47,124.00
10841097,21.31,31.59,16561.83,125.00
10844097,21.31,31.60,16053.13,125.00
10847097,21.31,31.57,13266.67,124.00
10850097,21.31,31.59,11094.65,124.00
10853097,21.31,31.57,13365.49,123.00
10856097,21.31,31.55,16851.61,123.00
10859097,21.32,31.56,19245.55,123.00
10862097,21.31,31.59,41242.70,122.00
10865097,21.31,31.56,16287.75,129.00
10868097,21.31,31.59,13756.18,124.00
10871097,21.31,31.60,22002.46,124.00
10874097,21.31,31.60,37953.42,123.00
10877097,21.31,31.57,16273.99,123.00
10880097,21.31,31.56,15832.30,124.00
10883097,21.31,31.59,22379.22,124.00
10886097,21.31,31.60,17178.39,125.00
10889097,21.31,31.62,12567.79,132.00
10892097,21.31,31.61,17265.45,121.00
10895097,21.30,31.59,14617.72,123.00
10898097,21.31,31.60,11267.56,126.00
10901097,21.31,31.62,22857.03,124.00
10904097,21.30,31.65,48811.88,124.00
10907097,21.31,31.66,13449.78,125.00
10910097,21.31,31.67,13223.93,125.00
10913097,21.31,31.65,14702.64,128.00
10916097,21.31,31.67,12745.17,123.00
10919097,21.31,31.67,11655.65,124.00
10922097,21.31,31.67,16640.22,125.00
10925097,21.31,31.68,14677.89,123.00
10928097,21.31,31.70,13095.27,125.00
10931097,21.32,31.71,15919.67,124.00
10934097,21.31,31.70,14023.82,122.00
10937097,21.31,31.66,12147.51,125.00
10940097,21.31,31.64,18842.49,124.00
10943097,21.31,31.66,18119.20,124.00
10946097,21.31,31.65,16598.64,124.00
10949097,21.32,31.67,18443.39,125.00
10952097,21.31,31.66,21722.58,125.00
10955097,21.31,31.67,21082.50,123.00
10958097,21.31,31.67,35137.03,123.00
10961097,21.32,31.69,39320.80,124.00
10964097,21.33,31.69,14812.66,124.00
10967097,21.32,31.66,11781.99,124.00
10970097,21.32,31.65,11793.14,124.00
10973097,21.32,31.61,14181.52,121.00
10976097,21.32,31.60,13742.76,122.00
10979097,21.32,31.61,14349.20,122.00
10982097,21.31,31.59,17294.95,122.00
10985097,21.33,31.62,10132.77,122.00
10988097,21.32,31.59,9145.65,121.00
10991097,21.32,31.60,10821.25,121.00
10994097,21.32,31.59,9359.33,116.00
10997097,21.32,31.61,12038.61,121.00
11000097,21.32,31.59,11141.33,121.00
11003097,21.32,31.60,13747.40,122.00
11006097,21.32,31.60,12011.79,121.00
11009097,21.32,31.61,12936.05,122.00
11012097,21.32,31.61,11987.66,121.00
11015097,21.32,31.61,16202.59,121.00
11018097,21.31,31.61,16656.37,125.00
11021097,21.32,31.60,18335.40,122.00
11024097,21.32,31.60,11783.08,122.00
11027097,21.32,31.59,9947.52,121.00
11030097,21.32,31.60,20752.27,121.00
11033097,21.31,31.60,11184.24,121.00
11036097,21.32,31.59,18223.99,121.00
11039097,21.31,31.60,13617.02,121.00
11042097,21.32,31.60,13084.32,121.00
11045097,21.32,31.59,10880.14,121.00
11048097,21.32,31.57,18742.08,120.00
11051097,21.32,31.53,15362.72,120.00
11054097,21.32,31.54,24315.08,122.00
11057097,21.32,31.53,21656.76,122.00
11060097,21.32,31.50,15240.79,122.00
11063097,21.32,31.53,26247.49,123.00
11066097,21.33,31.55,19781.28,117.00
11069097,21.33,31.55,33169.82,121.00
11072097,21.32,31.54,32450.37,121.00
11075097,21.32,31.50,26988.04,118.00
11078097,21.32,31.53,29188.20,116.00
11081097,21.32,31.54,21884.10,113.00
11084097,21.32,31.55,23776.92,112.00
11087097,21.32,31.57,22751.17,111.00
11090097,21.31,31.53,24058.79,111.00
11093097,21.31,31.50,24556.96,109.00
11096097,21.32,31.49,17178.04,102.00
11099097,21.31,31.48,14136.97,108.00
11102097,21.31,31.49,26228.04,107.00
11105097,21.32,31.51,17888.79,107.00
11108097,21.31,31.51,23788.27,107.00
11111097,21.32,31.53,13838.93,107.00
11114097,21.32,31.55,28146.73,106.00
11117097,21.32,31.56,44496.40,107.00
11120097,21.32,31.56,20665.05,105.00
11123097,21.32,31.54,16428.83,106.00
11126097,21.31,31.53,23672.08,105.00
11129097,21.32,31.51,21813.05,105.00
11132097,21.33,31.51,17178.05,106.00
11135097,21.32,31.53,14013.13,106.00
11138097,21.32,31.53,33984.26,104.00
11141097,21.31,31.52,19044.29,105.00
11144097,21.31,31.54,20108.29,105.00
11147097,21.31,31.56,16204.02,106.00
11150097,21.32,31.57,14080.89,109.00
11153097,21.31,31.59,17504.55,103.00
11156097,21.31,31.57,12590.95,104.00
11159097,21.31,31.56,19919.29,103.00
11162097,21.31,31.55,20310.98,104.00
11165097,21.31,31.55,16627.99,104.00
11168097,21.31,31.55,12046.55,103.00
11171097,21.31,31.56,13737.40,104.00
11174097,21.31,31.56,11982.00,103.00
11177097,21.31,31.56,13677.52,104.00
11180097,21.31,31.55,18986.84,107.00
11183097,21.31,31.56,19999.07,104.00
11186097,21.30,31.56,20468.76,104.00
11189097,21.30,31.51,29253.78,106.00
11192097,21.30,31.46,49645.13,109.00
11195097,21.30,31.44,27633.87,105.00
11198097,21.30,31.41,26997.00,107.00
11201097,21.30,31.38,26921.38,108.00
11204097,21.29,31.34,18815.35,110.00
11207097,21.29,31.38,17503.98,112.00
11210097,21.29,31.38,18440.74,114.00
11213097,21.29,31.39,23190.65,116.00
11216097,21.29,31.42,22845.24,120.00
11219097,21.29,31.45,20825.85,119.00
11222097,21.28,31.46,38383.25,120.00
11225097,21.29,31.47,24224.93,119.00
11228097,21.29,31.47,35314.87,119.00
11231097,21.29,31.47,20949.53,121.00
11234097,21.29,31.49,29628.45,121.00
11237097,21.29,31.49,14574.41,122.00
11240097,21.29,31.45,28088.41,122.00
11243097,21.29,31.40,39438.12,123.00
11246097,21.29,31.44,22578.29,124.00
11249097,21.29,31.47,27914.14,124.00
11252097,21.29,31.49,22155.74,125.00
11255097,21.29,31.47,23588.60,123.00
11258097,21.29,31.46,17192.88,126.00
11261097,21.29,31.45,16962.87,118.00
11264097,21.29,31.45,17789.87,123.00
11267097,21.29,31.46,20457.55,121.00
11270097,21.29,31.47,28280.52,119.00
11273097,21.29,31.47,26928.64,117.00
11276097,21.30,31.47,33516.52,118.00
11279097,21.29,31.47,24901.72,120.00
11282097,21.29,31.47,23318.05,118.00
11285097,21.30,31.47,15754.69,117.00
11288097,21.29,31.45,27078.38,118.00
11291097,21.29,31.46,43640.96,118.00
11294097,21.29,31.49,30266.65,116.00
11297097,21.29,31.46,41997.87,116.00
11300097,21.29,31.38,44215.07,114.00
11303097,21.29,31.40,34642.57,114.00
11306097,21.29,31.42,30085.33,114.00
11309097,21.29,31.44,18767.50,116.00
11312097,21.29,31.42,24143.58,115.00
11315097,21.28,31.45,22210.88,114.00
11318097,21.28,31.46,33946.21,121.00
11321097,21.29,31.45,20774.73,114.00
11324097,21.28,31.46,29295.12,115.00
11327097,21.28,31.49,14756.75,113.00
11330097,21.28,31.50,19873.32,112.00
11333097,21.27,31.50,22784.04,113.00
11336097,21.27,31.50,32396.15,113.00
11339097,21.27,31.50,30824.89,112.00
11342097,21.27,31.47,18867.67,113.00
11345097,21.27,31.47,25495.79,113.00
11348097,21.26,31.43,32533.16,112.00
11351097,21.26,31.45,18292.30,112.00
11354097,21.27,31.44,21993.77,112.00
11357097,21.27,31.46,27614.96,113.00
11360097,21.27,31.47,17299.37,112.00
11363097,21.27,31.47,24614.54,114.00
11366097,21.27,31.46,21370.11,113.00
11369097,21.27,31.37,18920.89,114.00
11372097,21.27,31.39,20072.15,115.00
11375097,21.27,31.37,20003.20,116.00
11378097,21.27,31.39,21568.54,118.00
11381097,21.27,31.40,32577.28,118.00
11384097,21.27,31.41,26823.30,120.00
11387097,21.27,31.40,31007.68,121.00
11390097,21.27,31.39,37524.47,122.00
11393097,21.27,31.37,26113.24,124.00
11396097,21.27,31.41,19845.66,126.00
11399097,21.28,31.41,15513.47,125.00
11402097,21.27,31.44,17295.80,124.00
11405097,21.27,31.41,24545.59,125.00
11408097,21.28,31.44,17374.69,126.00
11411097,21.28,31.42,18266.27,127.00
11414097,21.28,31.44,17255.85,121.00
11417097,21.28,31.42,17052.44,125.00
11420097,21.28,31.42,12455.87,126.00
11423097,21.28,31.42,18700.96,126.00
11426097,21.27,31.44,23953.28,125.00
11429097,21.28,31.44,16804.53,126.00
11432097,21.27,31.42,12308.00,126.00
11435097,21.27,31.45,20187.20,128.00
11438097,21.27,31.47,17211.08,126.00
11441097,21.27,31.46,12421.22,126.00
11444097,21.28,31.41,15369.14,126.00
11447097,21.28,31.42,17298.42,129.00
11450097,21.27,31.41,21797.38,127.00
11453097,21.28,31.37,27251.40,125.00
11456097,21.27,31.42,10164.32,126.00
11459097,21.28,31.42,16296.64,126.00
11462097,21.28,31.44,15650.17,126.00
11465097,21.28,31.42,16698.91,126.00
11468097,21.28,31.42,18167.63,127.00
11471097,21.28,31.41,17065.80,127.00
11474097,21.28,31.35,19203.59,130.00
11477097,21.28,31.31,17919.24,127.00
11480097,21.28,31.31,22597.79,127.00
11483097,21.29,31.33,18408.51,127.00
11486097,21.28,31.33,19236.24,126.00
11489097,21.29,31.30,14191.07,127.00
11492097,21.28,31.34,24373.21,129.00
11495097,21.29,31.36,19306.30,128.00
11498097,21.29,31.39,13337.67,127.00
11501097,21.29,31.39,19423.54,126.00
11504097,21.29,31.38,13950.44,126.00
11507097,21.28,31.39,16107.75,126.00
11510097,21.29,31.39,12895.08,126.00
11513097,21.29,31.38,16129.46,126.00
11516097,21.29,31.38,16686.21,127.00
11519097,21.29,31.39,11111.15,128.00
11522097,21.29,31.39,17807.26,127.00
11525097,21.29,31.36,18358.48,129.00
11528097,21.29,31.35,16332.08,128.00
11531097,21.29,31.35,11604.10,127.00
11534097,21.29,31.33,10818.04,127.00
11537097,21.29,31.31,9122.42,134.00
11540097,21.29,31.27,16815.44,128.00
11543097,21.29,31.24,10561.49,125.00
11546097,21.29,31.24,9224.35,134.00
11549097,21.29,31.27,10547.71,127.00
11552097,21.28,31.24,17440.29,129.00
11555097,21.28,31.22,11771.65,130.00
11558097,21.29,31.23,11887.91,127.00
11561097,21.28,31.24,9554.90,127.00
11564097,21.28,31.23,20206.64,129.00
11567097,21.29,31.24,10293.84,125.00
11570097,21.29,31.22,11305.90,129.00
11573097,21.29,31.22,13446.62,128.00
11576097,21.28,31.20,11296.27,126.00
11579097,21.29,31.19,11751.43,127.00
11582097,21.29,31.17,12369.90,127.00
11585097,21.29,31.19,13447.07,129.00
11588097,21.29,31.22,12531.83,127.00
11591097,21.29,31.25,12151.20,129.00
11594097,21.29,31.25,14377.21,127.00
11597097,21.29,31.25,12389.03,128.00
11600097,21.29,31.27,10584.83,133.00
11603097,21.29,31.29,12575.66,128.00
11606097,21.29,31.28,14439.14,128.00
11609097,21.28,31.25,9215.10,126.00
11612097,21.28,31.26,8264.62,126.00
11615097,21.28,31.28,14322.08,127.00
11618097,21.28,31.29,10192.30,122.00
11621097,21.28,31.20,23431.25,128.00
11624097,21.28,31.20,15484.88,128.00
11627097,21.28,31.19,23467.11,127.00
11630097,21.27,31.21,17143.47,129.00
11633097,21.28,31.20,17143.47,129.00
11636097,21.28,31.18,17143.47,129.00
11639097,21.28,31.18,17143.47,125.00
11645140,21.26,31.12,0.00,123.00
11648140,21.27,31.14,12933.85,123.00
11651140,21.27,31.10,14655.05,120.00
11654140,21.28,31.12,23434.69,112.00
11657140,21.27,31.15,14717.66,117.00
11660140,21.28,31.15,12479.65,117.00
11663140,21.27,31.15,10469.82,118.00
11666140,21.27,31.19,10894.59,119.00
11669140,21.27,31.15,13660.92,122.00
11672140,21.27,31.14,11254.25,128.00
11675140,21.27,31.15,9011.45,125.00
11678140,21.27,31.14,9464.90,126.00
11681140,21.27,31.14,11816.62,127.00
11684140,21.27,31.14,14729.67,128.00
11687140,21.27,31.15,10555.24,129.00
11690140,21.26,31.13,27099.34,128.00
11693140,21.26,31.15,18427.65,127.00
11696140,21.26,31.15,26743.89,124.00
11699140,21.26,31.19,32911.94,130.00
11702140,21.26,31.18,17386.21,118.00
11705140,21.26,31.16,16300.66,116.00
11708140,21.26,31.19,16741.02,115.00
11711140,21.26,31.20,21333.57,113.00
11714140,21.26,31.20,16961.31,113.00
11717140,21.26,31.24,27149.24,119.00
11720140,21.25,31.23,23547.70,117.00
11723140,21.25,31.24,21637.97,121.00
11726140,21.25,31.26,25179.41,122.00
11729140,21.25,31.25,27303.60,121.00
11732140,21.24,31.26,22792.97,124.00
11735140,21.24,31.27,26137.00,123.00
11738140,21.24,31.30,32738.96,123.00
11741140,21.24,31.29,24567.15,124.00
11744140,21.24,31.25,32121.63,123.00
11747140,21.24,31.24,38971.83,123.00
11750140,21.24,31.22,34743.57,124.00
11753140,21.23,31.25,28498.45,124.00
11756140,21.24,31.25,34220.00,125.00
11759140,21.24,31.24,34741.25,128.00
11762140,21.24,31.26,23995.80,126.00
11765140,21.24,31.24,16738.67,128.00
11768140,21.24,31.20,36975.10,127.00
11771140,21.23,31.25,24798.01,127.00
11774140,21.23,31.24,33296.36,129.00
11777140,21.23,31.24,31738.16,128.00
11780140,21.24,31.27,32218.86,128.00
11783140,21.24,31.29,16312.31,133.00
11786140,21.24,31.30,19409.43,128.00
11789140,21.25,31.31,32126.69,130.00
11792140,21.24,31.32,24478.55,130.00
11795140,21.24,31.32,22282.23,130.00
11798140,21.25,31.31,15564.81,130.00
11801140,21.25,31.32,19327.28,130.00
11804140,21.25,31.33,24060.68,132.00
11807140,21.25,31.31,28869.91,130.00
11810140,21.25,31.26,23138.86,129.00
11813140,21.25,31.29,27317.15,130.00
11816140,21.24,31.26,27611.65,129.00
11819140,21.25,31.26,16388.62,129.00
11822140,21.25,31.24,16090.88,127.00
11825140,21.25,31.25,14765.30,127.00
11828140,21.25,31.27,12713.16,128.00
11831140,21.25,31.29,17275.15,128.00
11834140,21.25,31.29,24878.43,127.00
11837140,21.25,31.30,16437.14,127.00
11840140,21.25,31.34,13111.37,128.00
11843140,21.26,31.37,21111.67,127.00
11846140,21.26,31.41,17213.33,127.00
11849140,21.26,31.41,18859.95,128.00
11852140,21.25,31.41,25409.28,129.00
11855140,21.26,31.42,18425.71,127.00
11858140,21.26,31.45,11589.67,130.00
11861140,21.27,31.46,11967.83,130.00
11864140,21.26,31.47,13416.36,130.00
11867140,21.26,31.47,15433.57,132.00
11870140,21.27,31.50,15233.47,131.00
11873140,21.27,31.51,14134.24,132.00
11876140,21.27,31.51,10391.90,133.00
11879140,21.28,31.51,13877.57,132.00
11882140,21.28,31.52,18970.05,133.00
11885140,21.28,31.53,14743.03,133.00
11888140,21.27,31.53,13222.68,134.00
11891140,21.28,31.53,17933.29,128.00
11894140,21.28,31.53,16467.65,117.00
11897140,21.28,31.55,22475.00,97.00
